booking_id,bien_so,ten_khach,hang_xe,dong_xe,ngay_bat_dau,ngay_ket_thuc,trang_thai,gia_tien,hang_thanh_vien,thoi_diem_dat
RENT_HCM_001000,31R-700.16,Khach_000253,Mitsubishi,Xpander,2026-10-06,2026-10-11,DA_HUY,5335000,1,1790368506000
RENT_HCM_000800,44I-383.36,Khach_000083,Ford,Everest,2026-10-26,2026-10-28,DANG_THUE,3240000,3,1791101655000
RENT_HCM_000801,29B-393.21,Khach_000456,Mitsubishi,Xpander,2026-03-02,2026-03-11,DANG_THUE,9900000,0,1770185056000
RENT_HCM_000802,39Y-254.17,Khach_000124,Mazda,CX-5,2026-11-04,2026-11-06,DA_TRA,2200000,0,1792589380000
RENT_HCM_000803,31N-291.11,Khach_000386,Ford,Everest,2026-12-15,2026-12-25,DA_HUY,17100000,2,1797252015000
RENT_HCM_000804,42F-982.89,Khach_000143,Kia,Seltos,2026-04-25,2026-04-28,DA_HUY,2970000,3,1774578382000
RENT_HCM_000805,42E-500.59,Khach_000347,Mazda,CX-5,2026-03-06,2026-03-10,DA_HUY,3960000,3,1771563889000
RENT_HCM_000806,38T-689.81,Khach_000324,Honda,City,2026-02-04,2026-02-10,DA_HUY,4800000,0,1769022355000
RENT_HCM_000807,33K-298.43,Khach_000020,VinFast,VF5,2026-04-06,2026-04-16,DA_HUY,6000000,0,1774799593000
RENT_HCM_000808,45B-761.41,Khach_000090,Ford,Everest,2026-05-04,2026-05-14,DA_TRA,17100000,2,1775938999000
RENT_HCM_000809,40C-846.78,Khach_000492,Honda,City,2026-05-14,2026-05-22,DA_HUY,6400000,0,1777425199000
RENT_HCM_000810,43E-665.66,Khach_000074,Kia,Morning,2026-12-15,2026-12-25,DA_HUY,5700000,2,1795357077000
RENT_HCM_000811,50V-726.66,Khach_000035,Mitsubishi,Xpander,2026-05-16,2026-05-20,DA_HUY,3960000,3,1777104919000
RENT_HCM_000812,47D-657.42,Khach_000299,Mazda,CX-5,2026-10-16,2026-10-20,DA_TRA,3960000,3,1791403828000
RENT_HCM_000813,44G-970.27,Khach_000151,Kia,Seltos,2026-08-27,2026-08-28,DA_TRA,990000,3,1786268541000
RENT_HCM_000814,45V-783.42,Khach_000103,Hyundai,Accent,2026-06-14,2026-06-23,DA_TRA,6480000,3,1780089565000
RENT_HCM_000815,38W-565.19,Khach_000172,Hyundai,Accent,2026-09-12,2026-09-13,DA_TRA,800000,0,1788946420000
RENT_HCM_000816,45B-868.38,Khach_000306,Hyundai,Grand i10,2026-03-03,2026-03-07,DA_TRA,2280000,2,1771872962000
RENT_HCM_000817,41H-286.23,Khach_000045,Hyundai,Accent,2026-11-24,2026-11-25,DANG_THUE,776000,1,1794458205000
RENT_HCM_000818,36H-831.21,Khach_000464,Toyota,Innova,2026-02-16,2026-02-26,DA_HUY,12000000,0,1769637380000
RENT_HCM_000819,39O-316.76,Khach_000444,Hyundai,i10,2026-07-03,2026-07-09,DA_HUY,3600000,0,1780695687000
RENT_HCM_000820,42X-371.24,Khach_000165,Hyundai,Accent,2026-05-25,2026-05-28,DANG_THUE,2328000,1,1779325674000
RENT_HCM_000821,42T-551.95,Khach_000300,Kia,Seltos,2026-11-02,2026-11-03,DA_TRA,1100000,0,1792710610000
RENT_HCM_000822,49F-294.51,Khach_000373,Toyota,Innova,2026-12-14,2026-12-19,DANG_THUE,5820000,1,1795396360000
RENT_HCM_000823,48L-661.96,Khach_000246,Hyundai,Accent,2026-05-26,2026-05-28,DANG_THUE,1520000,2,1778308757000
RENT_HCM_000824,36V-487.78,Khach_000172,Mazda,CX-5,2026-06-23,2026-06-28,DA_HUY,5500000,0,1780018985000
RENT_HCM_000825,42Y-812.81,Khach_000313,Hyundai,Grand i10,2026-09-16,2026-09-25,DA_HUY,5238000,1,1789391811000
RENT_HCM_000826,29B-501.45,Khach_000202,Toyota,Vios,2026-09-11,2026-09-16,DA_TRA,3800000,2,1787569110000
RENT_HCM_000827,40Q-657.42,Khach_000094,Honda,City,2026-09-07,2026-09-13,DA_TRA,4560000,2,1788386031000
RENT_HCM_000828,29T-536.36,Khach_000242,Hyundai,Grand i10,2026-03-03,2026-03-13,DA_TRA,5700000,2,1771150186000
RENT_HCM_000829,47L-651.96,Khach_000239,Hyundai,i10,2026-11-27,2026-11-28,DA_TRA,540000,3,1794304708000
RENT_HCM_000830,44L-712.32,Khach_000062,Kia,Seltos,2026-03-13,2026-03-14,DANG_THUE,1045000,2,1773165392000
RENT_HCM_000831,36G-422.97,Khach_000333,Hyundai,Grand i10,2026-11-04,2026-11-10,DA_HUY,3492000,1,1791751231000
RENT_HCM_000832,40P-944.75,Khach_000367,Mazda,CX-5,2026-10-24,2026-10-28,DANG_THUE,3960000,3,1791701155000
RENT_HCM_000833,40Q-943.40,Khach_000035,Kia,Morning,2026-11-05,2026-11-07,DA_HUY,1080000,3,1793494325000
RENT_HCM_000834,36P-652.83,Khach_000198,Hyundai,Accent,2026-06-16,2026-06-25,DANG_THUE,6840000,2,1780016976000
RENT_HCM_000600,38Q-882.54,Khach_000116,VinFast,VF5,2026-07-27,2026-07-28,DANG_THUE,600000,0,1783155168000
RENT_HCM_000835,30C-866.88,Khach_000390,Hyundai,Grand i10,2026-11-20,2026-11-22,DA_HUY,1140000,2,1794367181000
RENT_HCM_000601,48O-218.22,Khach_000093,Toyota,Innova,2026-04-24,2026-04-27,DA_TRA,3492000,1,1775683397000
RENT_HCM_000836,47S-765.24,Khach_000269,Toyota,Innova,2026-08-04,2026-08-06,DA_TRA,2328000,1,1785017094000
RENT_HCM_000602,42H-912.84,Khach_000465,Kia,Seltos,2026-12-16,2026-12-22,DA_HUY,6402000,1,1796329555000
RENT_HCM_000837,48I-773.13,Khach_000281,Mazda,CX-5,2026-11-27,2026-11-28,DANG_THUE,1067000,1,1793762818000
RENT_HCM_000603,50U-327.43,Khach_000185,Ford,Everest,2026-02-10,2026-02-16,DA_TRA,10476000,1,1768828618000
RENT_HCM_000838,45S-338.95,Khach_000467,Hyundai,Accent,2026-07-03,2026-07-06,DA_HUY,2160000,3,1781633764000
RENT_HCM_000604,51E-403.81,Khach_000338,Toyota,Vios,2026-03-08,2026-03-11,DA_TRA,2280000,2,1771595919000
RENT_HCM_000839,47D-191.75,Khach_000152,Mitsubishi,Xpander,2026-07-14,2026-07-20,DANG_THUE,6600000,0,1783841090000
RENT_HCM_000605,46G-630.32,Khach_000001,Honda,City,2026-11-17,2026-11-25,DA_TRA,6208000,1,1794729801000
RENT_HCM_000606,35D-308.77,Khach_000230,Kia,Seltos,2026-05-06,2026-05-07,DANG_THUE,1045000,2,1777264801000
RENT_HCM_000607,50B-953.92,Khach_000147,Honda,City,2026-03-26,2026-03-28,DA_TRA,1440000,3,1772462888000
RENT_HCM_000608,46M-105.52,Khach_000382,Mazda,CX-5,2026-02-18,2026-02-23,DA_TRA,5225000,2,1769397550000
RENT_HCM_000609,50Z-733.63,Khach_000386,Hyundai,Grand i10,2026-05-20,2026-05-28,DA_HUY,4560000,2,1777928749000
RENT_HCM_000840,45J-736.24,Khach_000310,Ford,Everest,2026-12-17,2026-12-25,DANG_THUE,13680000,2,1797174512000
RENT_HCM_000841,33P-749.78,Khach_000097,Hyundai,i10,2026-09-14,2026-09-21,DANG_THUE,4074000,1,1789284453000
RENT_HCM_000842,35N-467.54,Khach_000168,Toyota,Innova,2026-07-21,2026-07-23,DANG_THUE,2400000,0,1782476367000
RENT_HCM_000843,37C-796.26,Khach_000219,Kia,Seltos,2026-08-24,2026-08-28,DA_HUY,3960000,3,1785541111000
RENT_HCM_000844,30J-223.60,Khach_000468,Ford,Everest,2026-12-11,2026-12-17,DA_HUY,10800000,0,1796172729000
RENT_HCM_000610,30F-786.12,Khach_000171,Honda,City,2026-07-07,2026-07-14,DA_TRA,5040000,3,1781621476000
RENT_HCM_000845,48A-852.76,Khach_000238,Hyundai,i10,2026-05-24,2026-05-28,DANG_THUE,2280000,2,1779383837000
RENT_HCM_000611,31N-796.55,Khach_000026,Honda,City,2026-01-08,2026-01-14,DA_HUY,4560000,2,1765596658000
RENT_HCM_000846,30T-661.59,Khach_000243,Hyundai,i10,2026-02-19,2026-02-28,DANG_THUE,4860000,3,1770528356000
RENT_HCM_000612,47E-996.85,Khach_000013,Mitsubishi,Xpander,2026-06-07,2026-06-10,DA_TRA,3201000,1,1779819086000
RENT_HCM_000847,39G-353.65,Khach_000243,Kia,Morning,2026-06-22,2026-06-23,DA_TRA,540000,3,1780083172000
RENT_HCM_000613,50C-796.75,Khach_000305,Hyundai,Accent,2026-04-26,2026-04-28,DA_TRA,1552000,1,1775354810000
RENT_HCM_000848,31G-861.85,Khach_000098,Hyundai,i10,2026-07-24,2026-07-28,DA_HUY,2280000,2,1783794552000
RENT_HCM_000614,30K-279.82,Khach_000377,Kia,Seltos,2026-02-19,2026-02-27,DA_TRA,8536000,1,1770849671000
RENT_HCM_000849,47D-519.61,Khach_000019,Hyundai,Grand i10,2026-01-12,2026-01-21,DA_HUY,4860000,3,1767124192000
RENT_HCM_000615,48O-870.70,Khach_000466,VinFast,VF5,2026-05-11,2026-05-12,DA_HUY,570000,2,1777570055000
RENT_HCM_000616,31N-488.84,Khach_000389,Hyundai,i10,2026-03-12,2026-03-16,DANG_THUE,2328000,1,1772473400000
RENT_HCM_000617,29R-364.96,Khach_000468,Honda,City,2026-04-17,2026-04-24,DANG_THUE,5600000,0,1774689422000
RENT_HCM_000618,43W-366.38,Khach_000475,Honda,City,2026-11-15,2026-11-23,DA_HUY,5760000,3,1793749172000
RENT_HCM_000619,39Z-405.35,Khach_000006,Mazda,CX-5,2026-09-16,2026-09-24,DA_TRA,8360000,2,1788595000000
RENT_HCM_000850,50L-592.14,Khach_000423,Hyundai,i10,2026-04-03,2026-04-08,DA_TRA,2700000,3,1774115849000
RENT_HCM_000851,36P-874.50,Khach_000287,Honda,City,2026-04-10,2026-04-14,DA_HUY,2880000,3,1774121612000
RENT_HCM_000852,38C-308.43,Khach_000385,VinFast,VF5,2026-12-25,2026-12-28,DA_TRA,1746000,1,1796737542000
RENT_HCM_000853,40S-356.64,Khach_000143,Ford,Everest,2026-08-20,2026-08-25,DANG_THUE,8100000,3,1786422846000
RENT_HCM_000854,32H-338.78,Khach_000160,Toyota,Innova,2026-12-12,2026-12-13,DANG_THUE,1200000,0,1796704758000
RENT_HCM_000620,35I-815.99,Khach_000171,Toyota,Innova,2026-01-09,2026-01-14,DANG_THUE,5400000,3,1765667754000
RENT_HCM_000855,32P-592.92,Khach_000274,Toyota,Vios,2026-03-09,2026-03-13,DA_TRA,3040000,2,1772458016000
RENT_HCM_000621,41V-992.40,Khach_000469,VinFast,VF5,2026-03-27,2026-03-28,DANG_THUE,582000,1,1773415033000
RENT_HCM_000856,46N-192.60,Khach_000050,Ford,Everest,2026-01-21,2026-01-28,DA_HUY,11970000,2,1767578571000
RENT_HCM_000622,34C-248.15,Khach_000082,Mazda,CX-5,2026-08-08,2026-08-10,DA_TRA,2090000,2,1785255241000
RENT_HCM_000857,29C-725.64,Khach_000343,Hyundai,Grand i10,2026-12-24,2026-12-28,DANG_THUE,2160000,3,1797105696000
RENT_HCM_000623,33N-921.50,Khach_000124,Toyota,Vios,2026-06-02,2026-06-09,DA_TRA,5600000,0,1777978901000
RENT_HCM_000858,47T-771.62,Khach_000204,Toyota,Innova,2026-11-16,2026-11-23,DA_HUY,8400000,0,1794321295000
RENT_HCM_000624,33P-345.77,Khach_000454,Hyundai,i10,2026-10-04,2026-10-12,DA_HUY,4560000,2,1788546004000
RENT_HCM_000859,36D-344.66,Khach_000156,Ford,Everest,2026-03-14,2026-03-24,DA_TRA,18000000,0,1771672498000
RENT_HCM_000625,48F-516.10,Khach_000333,Hyundai,Accent,2026-05-21,2026-05-26,DA_TRA,3880000,1,1777126428000
RENT_HCM_000626,35X-781.90,Khach_000158,Hyundai,i10,2026-09-03,2026-09-06,DA_HUY,1710000,2,1787175268000
RENT_HCM_000627,42I-946.26,Khach_000216,Ford,Everest,2026-10-24,2026-10-26,DA_TRA,3600000,0,1792319897000
RENT_HCM_000628,44H-205.57,Khach_000247,VinFast,VF5,2026-04-04,2026-04-10,DA_TRA,3240000,3,1773285884000
RENT_HCM_000629,37D-625.24,Khach_000274,Hyundai,Grand i10,2026-11-02,2026-11-06,DANG_THUE,2280000,2,1793010931000
RENT_HCM_000860,43H-368.70,Khach_000093,Toyota,Innova,2026-10-11,2026-10-16,DA_HUY,5820000,1,1791066308000
RENT_HCM_000861,51B-949.65,Khach_000164,Kia,Morning,2026-06-08,2026-06-10,DA_HUY,1200000,0,1779727074000
RENT_HCM_000862,50D-285.28,Khach_000102,Hyundai,Grand i10,2026-10-28,2026-10-28,DA_HUY,570000,2,1790922851000
RENT_HCM_000863,29A-386.11,Khach_000224,Hyundai,Grand i10,2026-10-09,2026-10-18,DA_TRA,5400000,0,1791313491000
RENT_HCM_000864,43X-462.58,Khach_000195,Honda,City,2026-10-04,2026-10-06,DANG_THUE,1440000,3,1788535618000
RENT_HCM_000630,31Y-623.69,Khach_000412,Ford,Everest,2026-07-15,2026-07-22,DA_TRA,12600000,0,1782311620000
RENT_HCM_000865,40Y-500.77,Khach_000339,Mitsubishi,Xpander,2026-05-03,2026-05-13,DA_TRA,9900000,3,1776641808000
RENT_HCM_000631,50I-604.45,Khach_000006,Toyota,Vios,2026-10-08,2026-10-17,DANG_THUE,6840000,2,1789327824000
RENT_HCM_000866,43S-293.39,Khach_000384,VinFast,VF5,2026-12-28,2026-12-28,DANG_THUE,600000,0,1798373347000
RENT_HCM_000632,37M-168.61,Khach_000060,Toyota,Innova,2026-12-17,2026-12-20,DA_HUY,3600000,0,1796841409000
RENT_HCM_000867,38B-379.76,Khach_000194,Hyundai,Accent,2026-04-06,2026-04-10,DA_HUY,3040000,2,1772987726000
RENT_HCM_000633,45T-805.63,Khach_000017,Honda,City,2026-08-25,2026-08-28,DA_HUY,2328000,1,1786994922000
RENT_HCM_000868,36S-142.67,Khach_000490,Hyundai,Grand i10,2026-05-07,2026-05-16,DA_TRA,5130000,2,1776482743000
RENT_HCM_000634,46O-810.25,Khach_000149,Kia,Seltos,2026-12-07,2026-12-16,DA_HUY,9603000,1,1795538180000
RENT_HCM_000400,50I-785.90,Khach_000078,Hyundai,Grand i10,2026-01-15,2026-01-22,DANG_THUE,3990000,2,1767428228000
RENT_HCM_000869,46E-865.88,Khach_000475,Kia,Seltos,2026-03-19,2026-03-23,DA_TRA,3960000,3,1773140935000
RENT_HCM_000635,46Z-128.33,Khach_000217,Hyundai,Accent,2026-05-05,2026-05-06,DANG_THUE,776000,1,1777572958000
RENT_HCM_000401,47B-447.40,Khach_000206,Honda,City,2026-04-03,2026-04-10,DA_TRA,5320000,2,1772955139000
RENT_HCM_000636,34L-571.72,Khach_000114,VinFast,VF5,2026-08-17,2026-08-20,DA_HUY,1710000,2,1786517507000
RENT_HCM_000402,42F-857.42,Khach_000496,Kia,Seltos,2026-06-03,2026-06-10,DA_HUY,7700000,0,1779913343000
RENT_HCM_000637,46V-907.42,Khach_000412,Toyota,Vios,2026-06-26,2026-06-28,DANG_THUE,1600000,0,1780364525000
RENT_HCM_000403,51A-305.53,Khach_000254,Kia,Seltos,2026-12-04,2026-12-08,DANG_THUE,4180000,2,1796061369000
RENT_HCM_000638,41I-146.82,Khach_000105,Toyota,Innova,2026-02-24,2026-02-28,DA_HUY,4656000,1,1770957256000
RENT_HCM_000404,38K-933.12,Khach_000081,Hyundai,Grand i10,2026-01-09,2026-01-17,DA_TRA,4656000,1,1767499216000
RENT_HCM_000639,33F-609.85,Khach_000191,Toyota,Innova,2026-10-17,2026-10-26,DA_HUY,9720000,3,1790216030000
RENT_HCM_000405,48X-217.36,Khach_000059,Hyundai,Grand i10,2026-12-11,2026-12-15,DA_TRA,2160000,3,1795702758000
RENT_HCM_000406,41V-995.64,Khach_000493,Toyota,Innova,2026-04-17,2026-04-27,DANG_THUE,11640000,1,1775960451000
RENT_HCM_000407,46I-973.44,Khach_000272,VinFast,VF5,2026-02-14,2026-02-20,DANG_THUE,3600000,0,1769666403000
RENT_HCM_000408,48V-322.78,Khach_000221,Hyundai,Grand i10,2026-04-24,2026-04-27,DANG_THUE,1746000,1,1775079615000
RENT_HCM_000409,44I-556.15,Khach_000136,Hyundai,Accent,2026-12-24,2026-12-28,DANG_THUE,3200000,0,1796606404000
RENT_HCM_000870,32P-540.45,Khach_000223,Hyundai,Accent,2026-09-09,2026-09-12,DANG_THUE,2160000,3,1786472650000
RENT_HCM_000871,37M-360.36,Khach_000085,Honda,City,2026-05-04,2026-05-08,DA_HUY,3104000,1,1775326958000
RENT_HCM_000872,44W-619.62,Khach_000077,Toyota,Vios,2026-08-10,2026-08-17,DANG_THUE,5432000,1,1784257430000
RENT_HCM_000873,42K-354.73,Khach_000253,Hyundai,i10,2026-01-27,2026-01-28,DA_HUY,582000,1,1769158340000
RENT_HCM_000874,46J-557.13,Khach_000491,Hyundai,i10,2026-06-15,2026-06-21,DA_TRA,3240000,3,1779288617000
RENT_HCM_000640,33H-348.51,Khach_000468,Toyota,Vios,2026-02-20,2026-02-28,DA_TRA,6400000,0,1771320286000
RENT_HCM_000875,41P-423.74,Khach_000400,Mazda,CX-5,2026-11-13,2026-11-18,DANG_THUE,5500000,0,1792038249000
RENT_HCM_000641,50A-641.57,Khach_000239,Hyundai,i10,2026-05-07,2026-05-09,DA_TRA,1080000,3,1776415513000
RENT_HCM_000876,46Z-527.44,Khach_000350,Mazda,CX-5,2026-01-25,2026-01-28,DA_TRA,3135000,2,1766723520000
RENT_HCM_000642,50O-398.97,Khach_000359,Ford,Everest,2026-01-07,2026-01-12,DA_TRA,8100000,3,1767037653000
RENT_HCM_000877,29O-200.16,Khach_000209,Mazda,CX-5,2026-11-25,2026-11-28,DANG_THUE,3201000,1,1795006206000
RENT_HCM_000643,30Y-796.65,Khach_000332,Mazda,CX-5,2026-01-19,2026-01-23,DA_HUY,4400000,0,1768198377000
RENT_HCM_000878,47B-155.60,Khach_000487,Hyundai,i10,2026-07-12,2026-07-15,DA_HUY,1620000,3,1782447356000
RENT_HCM_000644,30V-946.46,Khach_000409,Hyundai,i10,2026-08-13,2026-08-17,DA_HUY,2328000,1,1784243261000
RENT_HCM_000410,51D-624.62,Khach_000223,Toyota,Innova,2026-08-23,2026-08-28,DA_HUY,5400000,3,1786847913000
RENT_HCM_000879,43H-685.87,Khach_000097,Hyundai,Accent,2026-02-15,2026-02-18,DA_HUY,2328000,1,1769254996000
RENT_HCM_000645,46J-499.19,Khach_000207,Kia,Seltos,2026-09-16,2026-09-23,DANG_THUE,6930000,3,1788720057000
RENT_HCM_000411,35W-761.99,Khach_000313,Hyundai,i10,2026-07-23,2026-07-28,DA_HUY,2910000,1,1783547393000
RENT_HCM_000646,41E-359.45,Khach_000079,Toyota,Vios,2026-10-26,2026-10-27,DANG_THUE,720000,3,1792551817000
RENT_HCM_000412,48B-233.45,Khach_000239,Mazda,CX-5,2026-07-26,2026-07-28,DA_TRA,1980000,3,1784736492000
RENT_HCM_000647,45W-566.25,Khach_000280,Toyota,Innova,2026-03-09,2026-03-15,DANG_THUE,7200000,0,1770460400000
RENT_HCM_000413,37S-639.91,Khach_000268,Kia,Morning,2026-11-02,2026-11-04,DA_TRA,1200000,0,1791633500000
RENT_HCM_000648,48F-381.96,Khach_000444,Toyota,Vios,2026-12-14,2026-12-24,DANG_THUE,8000000,0,1796199299000
RENT_HCM_000414,44U-151.21,Khach_000139,Kia,Morning,2026-11-01,2026-11-11,DA_HUY,5400000,3,1790886855000
RENT_HCM_000649,31K-357.66,Khach_000377,Hyundai,i10,2026-07-02,2026-07-09,DA_TRA,4074000,1,1780888618000
RENT_HCM_000415,31Z-561.51,Khach_000243,Mitsubishi,Xpander,2026-11-14,2026-11-20,DA_TRA,5940000,3,1793757628000
RENT_HCM_000416,41F-570.35,Khach_000382,Kia,Morning,2026-05-17,2026-05-23,DA_TRA,3420000,2,1776574136000
RENT_HCM_000417,49W-753.61,Khach_000492,Kia,Morning,2026-05-13,2026-05-22,DA_TRA,5400000,0,1777029655000
RENT_HCM_000418,39Y-825.61,Khach_000101,VinFast,VF5,2026-02-02,2026-02-11,DA_TRA,5238000,1,1769916742000
RENT_HCM_000419,34X-368.86,Khach_000032,Hyundai,i10,2026-11-08,2026-11-13,DA_HUY,3000000,0,1794028501000
RENT_HCM_000880,29F-281.52,Khach_000084,Toyota,Vios,2026-04-11,2026-04-21,DANG_THUE,8000000,0,1773710037000
RENT_HCM_000881,36M-511.98,Khach_000090,Toyota,Vios,2026-11-13,2026-11-18,DA_TRA,3800000,2,1793872915000
RENT_HCM_000882,40B-735.98,Khach_000049,Toyota,Innova,2026-09-27,2026-09-28,DA_HUY,1164000,1,1788729923000
RENT_HCM_000883,30A-171.13,Khach_000389,Toyota,Vios,2026-02-06,2026-02-11,DA_HUY,3880000,1,1769239949000
RENT_HCM_000884,35A-511.48,Khach_000393,Kia,Seltos,2026-01-04,2026-01-12,DA_TRA,8536000,1,1765895181000
RENT_HCM_000650,49V-499.75,Khach_000074,Honda,City,2026-10-01,2026-10-07,DANG_THUE,4560000,2,1788354979000
RENT_HCM_000885,51N-812.48,Khach_000239,Hyundai,i10,2026-05-15,2026-05-24,DA_HUY,4860000,3,1776436035000
RENT_HCM_000651,46J-196.48,Khach_000459,Kia,Seltos,2026-04-13,2026-04-22,DA_TRA,8910000,3,1775363819000
RENT_HCM_000886,50P-538.40,Khach_000465,Toyota,Vios,2026-12-27,2026-12-28,DA_TRA,776000,1,1798170724000
RENT_HCM_000652,49I-346.56,Khach_000288,Hyundai,Accent,2026-04-25,2026-04-26,DA_HUY,800000,0,1775604700000
RENT_HCM_000887,35Y-901.35,Khach_000072,Kia,Morning,2026-07-10,2026-07-13,DA_HUY,1800000,0,1781134906000
RENT_HCM_000653,45Z-741.10,Khach_000484,Hyundai,i10,2026-05-07,2026-05-15,DA_HUY,4800000,0,1777511877000
RENT_HCM_000888,42Z-738.46,Khach_000028,Mitsubishi,Xpander,2026-07-11,2026-07-12,DA_HUY,1100000,0,1782506550000
RENT_HCM_000654,39U-838.70,Khach_000475,Toyota,Innova,2026-05-11,2026-05-19,DA_TRA,8640000,3,1776813776000
RENT_HCM_000420,45Y-298.66,Khach_000010,Mitsubishi,Xpander,2026-06-27,2026-06-28,DA_HUY,1045000,2,1782469241000
RENT_HCM_000889,30N-421.49,Khach_000130,Toyota,Vios,2026-04-04,2026-04-05,DA_TRA,760000,2,1772928998000
RENT_HCM_000655,51A-802.99,Khach_000303,Hyundai,Accent,2026-08-13,2026-08-20,DANG_THUE,5040000,3,1785441201000
RENT_HCM_000421,43D-574.72,Khach_000150,Honda,City,2026-05-23,2026-05-28,DA_HUY,3800000,2,1778542884000
RENT_HCM_000656,30E-278.94,Khach_000312,Ford,Everest,2026-03-12,2026-03-16,DA_HUY,7200000,0,1771999614000
RENT_HCM_000422,47Y-575.28,Khach_000005,VinFast,VF5,2026-12-06,2026-12-13,DANG_THUE,4074000,1,1793969579000
RENT_HCM_000657,32E-798.47,Khach_000086,Kia,Seltos,2026-06-13,2026-06-21,DA_HUY,8360000,2,1779287584000
RENT_HCM_000423,30A-102.36,Khach_000370,Hyundai,Grand i10,2026-11-18,2026-11-26,DANG_THUE,4560000,2,1794687942000
RENT_HCM_000658,36K-721.17,Khach_000051,Mitsubishi,Xpander,2026-01-02,2026-01-09,DA_TRA,6930000,3,1766906851000
RENT_HCM_000424,47T-943.77,Khach_000330,Mitsubishi,Xpander,2026-10-25,2026-10-28,DANG_THUE,3135000,2,1791013415000
RENT_HCM_000659,34G-169.24,Khach_000012,Mitsubishi,Xpander,2026-11-27,2026-11-28,DANG_THUE,1100000,0,1794860103000
RENT_HCM_000425,45M-459.17,Khach_000039,Hyundai,i10,2026-05-20,2026-05-25,DANG_THUE,2700000,3,1779129303000
RENT_HCM_000426,43C-594.41,Khach_000405,Kia,Seltos,2026-12-20,2026-12-21,DANG_THUE,1067000,1,1797695721000
RENT_HCM_000427,44H-882.57,Khach_000039,Toyota,Innova,2026-07-24,2026-07-28,DA_TRA,4320000,3,1784195892000
RENT_HCM_000428,45B-230.14,Khach_000202,Mazda,CX-5,2026-04-06,2026-04-09,DA_TRA,3135000,2,1773186278000
RENT_HCM_000429,32Y-363.82,Khach_000203,Hyundai,i10,2026-11-01,2026-11-05,DA_HUY,2160000,3,1791951964000
RENT_HCM_000890,38Y-741.96,Khach_000168,Hyundai,i10,2026-07-10,2026-07-20,DA_TRA,6000000,0,1781543334000
RENT_HCM_000891,44Y-943.82,Khach_000046,Kia,Seltos,2026-02-18,2026-02-28,DA_HUY,10450000,2,1768888443000
RENT_HCM_000892,41G-121.11,Khach_000226,Mazda,CX-5,2026-09-21,2026-09-28,DA_HUY,7315000,2,1789404804000
RENT_HCM_000893,34N-960.35,Khach_000268,Ford,Everest,2026-05-03,2026-05-05,DANG_THUE,3600000,0,1777652852000
RENT_HCM_000894,48M-151.86,Khach_000303,Toyota,Vios,2026-03-08,2026-03-14,DANG_THUE,4320000,3,1772617245000
RENT_HCM_000660,35W-351.30,Khach_000465,Toyota,Vios,2026-06-26,2026-06-27,DA_TRA,776000,1,1781805403000
RENT_HCM_000895,44Z-181.56,Khach_000307,Toyota,Innova,2026-05-24,2026-05-28,DANG_THUE,4320000,3,1777410327000
RENT_HCM_000661,48K-108.61,Khach_000015,Mazda,CX-5,2026-07-27,2026-07-28,DANG_THUE,990000,3,1783079628000
RENT_HCM_000896,29J-906.44,Khach_000217,Hyundai,Accent,2026-10-01,2026-10-06,DA_TRA,3880000,1,1789905802000
RENT_HCM_000662,45B-323.37,Khach_000295,Hyundai,Grand i10,2026-05-16,2026-05-26,DANG_THUE,5400000,3,1778825018000
RENT_HCM_000897,36I-816.61,Khach_000406,Mazda,CX-5,2026-03-06,2026-03-09,DANG_THUE,3135000,2,1770786389000
RENT_HCM_000663,42S-581.34,Khach_000137,Mitsubishi,Xpander,2026-11-04,2026-11-08,DANG_THUE,4268000,1,1792390308000
RENT_HCM_000898,33A-229.33,Khach_000325,Hyundai,Accent,2026-07-15,2026-07-20,DANG_THUE,3880000,1,1781885546000
RENT_HCM_000664,38L-183.14,Khach_000418,Toyota,Innova,2026-10-07,2026-10-10,DANG_THUE,3420000,2,1790461533000
RENT_HCM_000430,34Q-594.30,Khach_000491,Toyota,Vios,2026-08-07,2026-08-11,DA_HUY,2880000,3,1784968371000
RENT_HCM_000899,44W-736.61,Khach_000070,Ford,Everest,2026-07-07,2026-07-16,DA_HUY,15390000,2,1782197980000
RENT_HCM_000665,31Y-178.83,Khach_000048,Hyundai,Accent,2026-06-02,2026-06-06,DANG_THUE,3200000,0,1778766827000
RENT_HCM_000431,45X-269.21,Khach_000253,Ford,Everest,2026-06-13,2026-06-19,DA_TRA,10476000,1,1779177581000
RENT_HCM_000666,36F-351.17,Khach_000377,Honda,City,2026-01-25,2026-01-28,DA_HUY,2328000,1,1767324998000
RENT_HCM_000432,41R-673.16,Khach_000122,Kia,Morning,2026-09-07,2026-09-16,DANG_THUE,5130000,2,1787919462000
RENT_HCM_000667,44K-535.40,Khach_000266,Kia,Seltos,2026-02-07,2026-02-13,DANG_THUE,6270000,2,1769861989000
RENT_HCM_000433,31N-606.59,Khach_000072,VinFast,VF5,2026-10-21,2026-10-24,DANG_THUE,1800000,0,1791435314000
RENT_HCM_000668,41E-919.78,Khach_000075,Mazda,CX-5,2026-04-10,2026-04-14,DANG_THUE,3960000,3,1774666090000
RENT_HCM_000434,47D-893.35,Khach_000316,Mazda,CX-5,2026-01-08,2026-01-16,DANG_THUE,8800000,0,1766709439000
RENT_HCM_000200,51W-867.14,Khach_000488,Mazda,CX-5,2026-12-13,2026-12-21,DA_TRA,8800000,0,1795378039000
RENT_HCM_000669,48B-254.71,Khach_000018,Honda,City,2026-05-10,2026-05-17,DANG_THUE,5320000,2,1776202712000
RENT_HCM_000435,47N-270.10,Khach_000024,Mazda,CX-5,2026-04-17,2026-04-25,DA_TRA,8800000,0,1774031416000
RENT_HCM_000201,30A-445.78,Khach_000012,Mitsubishi,Xpander,2026-04-11,2026-04-16,DANG_THUE,5500000,0,1773746963000
RENT_HCM_000436,36A-520.85,Khach_000124,VinFast,VF5,2026-09-03,2026-09-07,DA_HUY,2400000,0,1785958003000
RENT_HCM_000202,32L-100.71,Khach_000138,Kia,Morning,2026-12-27,2026-12-28,DA_HUY,570000,2,1797997799000
RENT_HCM_000437,41H-216.42,Khach_000423,Ford,Everest,2026-04-17,2026-04-25,DA_HUY,12960000,3,1774016657000
RENT_HCM_000203,47U-574.24,Khach_000348,Hyundai,i10,2026-03-24,2026-03-25,DANG_THUE,600000,0,1772270395000
RENT_HCM_000438,37X-480.49,Khach_000190,VinFast,VF5,2026-12-19,2026-12-20,DANG_THUE,570000,2,1797326958000
RENT_HCM_000204,48H-218.68,Khach_000477,VinFast,VF5,2026-02-01,2026-02-06,DA_HUY,2910000,1,1768059528000
RENT_HCM_000439,50K-608.54,Khach_000317,Ford,Everest,2026-09-19,2026-09-20,DANG_THUE,1746000,1,1789333224000
RENT_HCM_000205,51Q-871.47,Khach_000200,Mitsubishi,Xpander,2026-04-13,2026-04-23,DANG_THUE,11000000,0,1775184566000
RENT_HCM_000206,46F-751.90,Khach_000107,Hyundai,Accent,2026-01-25,2026-01-28,DA_TRA,2160000,3,1767405040000
RENT_HCM_000207,41M-524.87,Khach_000486,Toyota,Innova,2026-03-06,2026-03-15,DANG_THUE,10260000,2,1772537897000
RENT_HCM_000208,41V-508.79,Khach_000382,Toyota,Vios,2026-08-23,2026-08-25,DA_HUY,1520000,2,1786643210000
RENT_HCM_000209,33Q-970.92,Khach_000400,Kia,Morning,2026-06-01,2026-06-03,DA_TRA,1200000,0,1778702416000
RENT_HCM_000670,36G-978.67,Khach_000444,Hyundai,Grand i10,2026-11-09,2026-11-12,DANG_THUE,1800000,0,1793831471000
RENT_HCM_000671,49G-683.47,Khach_000337,Mitsubishi,Xpander,2026-10-04,2026-10-11,DANG_THUE,7469000,1,1789649223000
RENT_HCM_000672,44E-140.45,Khach_000370,Kia,Seltos,2026-05-03,2026-05-10,DA_HUY,7315000,2,1777591783000
RENT_HCM_000673,39Z-127.17,Khach_000079,Kia,Seltos,2026-12-04,2026-12-14,DA_TRA,9900000,3,1795867385000
RENT_HCM_000674,40P-785.69,Khach_000434,Honda,City,2026-04-28,2026-04-28,DA_TRA,760000,2,1775289115000
RENT_HCM_000440,33R-887.74,Khach_000484,Hyundai,i10,2026-10-04,2026-10-14,DA_HUY,6000000,0,1789293099000
RENT_HCM_000675,43L-501.47,Khach_000166,Honda,City,2026-07-15,2026-07-24,DANG_THUE,6840000,2,1782337812000
RENT_HCM_000441,39C-342.36,Khach_000392,Honda,City,2026-08-28,2026-08-28,DA_TRA,800000,0,1787535508000
RENT_HCM_000676,35R-486.94,Khach_000413,Toyota,Innova,2026-07-03,2026-07-11,DA_TRA,9312000,1,1781371399000
RENT_HCM_000442,48N-446.96,Khach_000217,Kia,Morning,2026-06-04,2026-06-07,DA_HUY,1746000,1,1778809856000
RENT_HCM_000677,39B-328.83,Khach_000446,Kia,Morning,2026-12-06,2026-12-09,DA_HUY,1710000,2,1794780171000
RENT_HCM_000443,48B-102.43,Khach_000385,Hyundai,Accent,2026-05-16,2026-05-25,DA_HUY,6984000,1,1777814670000
RENT_HCM_000678,42G-812.78,Khach_000434,Kia,Seltos,2026-02-02,2026-02-04,DANG_THUE,2090000,2,1769272198000
RENT_HCM_000444,49R-434.29,Khach_000237,Mazda,CX-5,2026-11-19,2026-11-22,DA_HUY,3201000,1,1793006163000
RENT_HCM_000210,41L-322.71,Khach_000101,Hyundai,Accent,2026-06-05,2026-06-06,DANG_THUE,776000,1,1778914682000
RENT_HCM_000679,32W-967.70,Khach_000163,Toyota,Innova,2026-09-25,2026-09-28,DA_HUY,3240000,3,1787815712000
RENT_HCM_000445,38H-132.64,Khach_000069,VinFast,VF5,2026-08-04,2026-08-12,DA_HUY,4656000,1,1783816470000
RENT_HCM_000211,38U-631.34,Khach_000156,VinFast,VF5,2026-06-05,2026-06-06,DA_HUY,600000,0,1779389059000
RENT_HCM_000446,44K-146.68,Khach_000358,Kia,Morning,2026-03-17,2026-03-26,DANG_THUE,5130000,2,1773446032000
RENT_HCM_000212,51M-455.45,Khach_000301,Mazda,CX-5,2026-04-19,2026-04-26,DA_HUY,7469000,1,1774618714000
RENT_HCM_000447,47B-700.43,Khach_000056,Mitsubishi,Xpander,2026-07-16,2026-07-19,DA_HUY,3300000,0,1783947785000
RENT_HCM_000213,45B-917.80,Khach_000241,Mazda,CX-5,2026-02-05,2026-02-08,DA_TRA,3201000,1,1769964047000
RENT_HCM_000448,49J-317.11,Khach_000170,Ford,Everest,2026-01-20,2026-01-22,DANG_THUE,3420000,2,1766372138000
RENT_HCM_000214,40M-116.22,Khach_000310,Hyundai,Accent,2026-09-10,2026-09-16,DA_HUY,4560000,2,1786900444000
RENT_HCM_000449,36K-762.54,Khach_000266,Ford,Everest,2026-08-08,2026-08-09,DA_HUY,1710000,2,1784261297000
RENT_HCM_000215,41N-165.39,Khach_000045,Ford,Everest,2026-05-03,2026-05-04,DA_TRA,1746000,1,1775587989000
RENT_HCM_000216,51D-389.45,Khach_000285,Hyundai,Accent,2026-09-20,2026-09-28,DANG_THUE,6208000,1,1787694492000
RENT_HCM_000217,50C-703.25,Khach_000319,Toyota,Innova,2026-09-26,2026-09-27,DA_TRA,1080000,3,1788881288000
RENT_HCM_000218,35O-651.14,Khach_000356,VinFast,VF5,2026-11-27,2026-11-28,DA_HUY,600000,0,1794140069000
RENT_HCM_000219,40V-651.40,Khach_000041,Honda,City,2026-11-16,2026-11-22,DA_HUY,4656000,1,1793277414000
RENT_HCM_000680,29O-104.71,Khach_000215,Hyundai,Grand i10,2026-04-05,2026-04-13,DA_TRA,4320000,3,1775255149000
RENT_HCM_000681,36G-948.72,Khach_000314,Honda,City,2026-09-19,2026-09-22,DA_TRA,2280000,2,1789064779000
RENT_HCM_000682,31P-291.21,Khach_000426,Mazda,CX-5,2026-01-04,2026-01-12,DANG_THUE,8360000,2,1764897089000
RENT_HCM_000683,38Y-634.53,Khach_000167,Toyota,Innova,2026-06-01,2026-06-02,DA_HUY,1080000,3,1778612250000
RENT_HCM_000684,40A-857.33,Khach_000317,Mitsubishi,Xpander,2026-06-19,2026-06-25,DA_TRA,6402000,1,1779916289000
RENT_HCM_000450,38N-137.96,Khach_000340,Mitsubishi,Xpander,2026-04-13,2026-04-21,DANG_THUE,8800000,0,1775302380000
RENT_HCM_000685,47R-670.36,Khach_000484,Hyundai,Grand i10,2026-01-23,2026-01-28,DANG_THUE,3000000,0,1767595842000
RENT_HCM_000451,48Z-218.56,Khach_000063,Kia,Seltos,2026-01-03,2026-01-11,DA_TRA,7920000,3,1766406138000
RENT_HCM_000686,37N-122.60,Khach_000035,Kia,Seltos,2026-02-24,2026-02-28,DA_HUY,3960000,3,1771549858000
RENT_HCM_000452,39G-263.20,Khach_000009,Hyundai,i10,2026-04-10,2026-04-18,DANG_THUE,4656000,1,1773811551000
RENT_HCM_000687,32K-876.92,Khach_000072,Ford,Everest,2026-09-28,2026-09-28,DA_HUY,1800000,0,1788673000000
RENT_HCM_000453,42J-677.41,Khach_000001,Kia,Seltos,2026-04-19,2026-04-26,DA_HUY,7469000,1,1775146970000
RENT_HCM_000688,42X-994.72,Khach_000397,Hyundai,i10,2026-09-24,2026-09-28,DA_TRA,2328000,1,1788622927000
RENT_HCM_000454,41A-708.86,Khach_000451,Mitsubishi,Xpander,2026-10-17,2026-10-25,DANG_THUE,7920000,3,1791431970000
RENT_HCM_000220,29Q-532.50,Khach_000264,Toyota,Innova,2026-09-13,2026-09-14,DA_TRA,1200000,0,1787336814000
RENT_HCM_000689,46A-328.36,Khach_000137,Toyota,Vios,2026-03-26,2026-03-28,DANG_THUE,1552000,1,1773648752000
RENT_HCM_000455,49H-237.45,Khach_000033,Mazda,CX-5,2026-03-27,2026-03-28,DA_TRA,1067000,1,1772944624000
RENT_HCM_000221,40E-685.32,Khach_000437,Honda,City,2026-03-10,2026-03-20,DA_HUY,7760000,1,1771808707000
RENT_HCM_000456,44M-153.77,Khach_000029,Kia,Seltos,2026-12-28,2026-12-28,DA_TRA,1067000,1,1797767440000
RENT_HCM_000222,38U-884.26,Khach_000331,Toyota,Vios,2026-06-05,2026-06-11,DA_TRA,4320000,3,1780568139000
RENT_HCM_000457,43O-685.99,Khach_000483,Kia,Seltos,2026-01-22,2026-01-26,DA_HUY,3960000,3,1768429472000
RENT_HCM_000223,41Z-399.30,Khach_000489,Kia,Morning,2026-08-03,2026-08-05,DANG_THUE,1164000,1,1784625571000
RENT_HCM_000458,49D-657.27,Khach_000312,Ford,Everest,2026-10-09,2026-10-15,DA_HUY,10800000,0,1790713897000
RENT_HCM_000224,33A-476.16,Khach_000130,Ford,Everest,2026-06-05,2026-06-14,DA_TRA,15390000,2,1778149627000
RENT_HCM_000459,49Q-574.83,Khach_000195,Toyota,Innova,2026-09-18,2026-09-21,DA_HUY,3240000,3,1787534224000
RENT_HCM_000225,43L-861.76,Khach_000174,Mazda,CX-5,2026-05-22,2026-05-28,DA_TRA,6270000,2,1778003865000
RENT_HCM_000226,42P-562.88,Khach_000220,Toyota,Vios,2026-09-12,2026-09-17,DA_TRA,4000000,0,1787579863000
RENT_HCM_000227,44K-813.91,Khach_000139,VinFast,VF5,2026-08-08,2026-08-18,DA_TRA,5400000,3,1785189801000
RENT_HCM_000228,48Q-519.66,Khach_000368,Hyundai,Accent,2026-02-22,2026-02-28,DA_TRA,4800000,0,1770648540000
RENT_HCM_000229,37G-669.26,Khach_000487,Kia,Seltos,2026-03-12,2026-03-21,DA_TRA,8910000,3,1773031732000
RENT_HCM_000690,29A-498.63,Khach_000366,Mazda,CX-5,2026-04-26,2026-04-28,DANG_THUE,2090000,2,1774938088000
RENT_HCM_000691,47D-213.40,Khach_000048,VinFast,VF5,2026-10-13,2026-10-23,DANG_THUE,6000000,0,1790584541000
RENT_HCM_000692,43K-904.19,Khach_000366,Hyundai,i10,2026-10-09,2026-10-11,DANG_THUE,1140000,2,1789146002000
RENT_HCM_000693,41J-390.74,Khach_000128,Toyota,Innova,2026-01-03,2026-01-09,DA_HUY,7200000,0,1765286739000
RENT_HCM_000694,49O-841.96,Khach_000258,Kia,Seltos,2026-02-23,2026-02-28,DA_TRA,5225000,2,1770775630000
RENT_HCM_000460,45H-403.92,Khach_000236,Kia,Seltos,2026-11-02,2026-11-10,DA_HUY,8800000,0,1791743374000
RENT_HCM_000695,34K-989.64,Khach_000121,Hyundai,Grand i10,2026-02-14,2026-02-18,DANG_THUE,2328000,1,1770578350000
RENT_HCM_000461,40A-937.23,Khach_000317,Hyundai,Accent,2026-06-02,2026-06-04,DANG_THUE,1552000,1,1779292765000
RENT_HCM_000696,51Z-846.25,Khach_000223,Hyundai,Grand i10,2026-07-03,2026-07-12,DA_HUY,4860000,3,1782924817000
RENT_HCM_000462,37G-784.57,Khach_000251,VinFast,VF5,2026-09-27,2026-09-28,DA_HUY,540000,3,1788824134000
RENT_HCM_000697,36V-517.62,Khach_000164,Kia,Morning,2026-04-09,2026-04-14,DA_HUY,3000000,0,1774429704000
RENT_HCM_000463,41L-784.82,Khach_000274,Hyundai,Accent,2026-06-13,2026-06-14,DA_HUY,760000,2,1779829120000
RENT_HCM_000698,44I-633.71,Khach_000067,Hyundai,Grand i10,2026-08-21,2026-08-23,DANG_THUE,1080000,3,1785567181000
RENT_HCM_000464,49F-533.50,Khach_000026,Mazda,CX-5,2026-11-04,2026-11-14,DA_TRA,10450000,2,1791201727000
RENT_HCM_000230,38W-187.32,Khach_000224,Honda,City,2026-07-17,2026-07-21,DANG_THUE,3200000,0,1782544430000
RENT_HCM_000699,34S-615.72,Khach_000378,Mitsubishi,Xpander,2026-11-12,2026-11-17,DANG_THUE,5225000,2,1791887493000
RENT_HCM_000465,44G-452.86,Khach_000482,Toyota,Innova,2026-03-18,2026-03-28,DA_TRA,11400000,2,1772556752000
RENT_HCM_000231,36K-686.24,Khach_000486,Hyundai,Grand i10,2026-04-25,2026-04-28,DA_TRA,1710000,2,1776991696000
RENT_HCM_000466,41Z-957.74,Khach_000286,Hyundai,Accent,2026-04-13,2026-04-18,DANG_THUE,3800000,2,1773645283000
RENT_HCM_000232,38D-638.79,Khach_000486,Hyundai,Accent,2026-06-07,2026-06-10,DA_TRA,2280000,2,1778438750000
RENT_HCM_000467,29Q-292.16,Khach_000492,Toyota,Vios,2026-03-24,2026-03-28,DA_TRA,3200000,0,1772462842000
RENT_HCM_000233,39N-397.25,Khach_000169,Mazda,CX-5,2026-10-05,2026-10-10,DA_TRA,5335000,1,1789945088000
RENT_HCM_000468,38Y-728.94,Khach_000262,VinFast,VF5,2026-12-28,2026-12-28,DA_HUY,570000,2,1797367968000
RENT_HCM_000234,34S-953.65,Khach_000084,Hyundai,Grand i10,2026-03-11,2026-03-12,DA_TRA,600000,0,1771584025000
RENT_HCM_000469,36S-795.52,Khach_000124,Hyundai,Accent,2026-08-13,2026-08-20,DA_HUY,5600000,0,1784494457000
RENT_HCM_000235,46M-580.69,Khach_000423,Mazda,CX-5,2026-10-13,2026-10-19,DA_TRA,5940000,3,1789653018000
RENT_HCM_000001,33Y-816.43,Khach_000367,Mitsubishi,Xpander,2026-08-17,2026-08-19,DANG_THUE,1980000,3,1785703477000
RENT_HCM_000236,29C-585.28,Khach_000136,VinFast,VF5,2026-01-04,2026-01-10,DANG_THUE,3600000,0,1766935722000
RENT_HCM_000002,36W-513.15,Khach_000302,Toyota,Innova,2026-09-19,2026-09-20,DA_HUY,1140000,2,1789661800000
RENT_HCM_000237,34D-676.13,Khach_000227,Hyundai,Accent,2026-12-03,2026-12-07,DA_TRA,2880000,3,1795929025000
RENT_HCM_000003,29F-944.84,Khach_000092,VinFast,VF5,2026-03-18,2026-03-22,DANG_THUE,2400000,0,1772170538000
RENT_HCM_000238,38D-719.13,Khach_000495,Kia,Morning,2026-12-20,2026-12-21,DANG_THUE,540000,3,1797695436000
RENT_HCM_000004,41H-120.48,Khach_000307,Hyundai,Grand i10,2026-02-02,2026-02-05,DANG_THUE,1620000,3,1767404853000
RENT_HCM_000239,42W-975.67,Khach_000228,Hyundai,i10,2026-07-15,2026-07-20,DA_TRA,3000000,0,1783155617000
RENT_HCM_000005,43U-181.51,Khach_000101,Hyundai,Grand i10,2026-07-28,2026-07-28,DA_HUY,582000,1,1783879613000
RENT_HCM_000006,39E-712.64,Khach_000033,Toyota,Vios,2026-12-27,2026-12-28,DA_TRA,776000,1,1796905445000
RENT_HCM_000007,34C-114.37,Khach_000343,Hyundai,Accent,2026-06-20,2026-06-22,DA_HUY,1440000,3,1780289583000
RENT_HCM_000008,37X-256.13,Khach_000130,Hyundai,Accent,2026-08-22,2026-08-26,DANG_THUE,3040000,2,1786253333000
RENT_HCM_000009,29E-610.59,Khach_000486,Ford,Everest,2026-10-13,2026-10-23,DA_HUY,17100000,2,1790864913000
RENT_HCM_000470,48U-787.60,Khach_000250,Honda,City,2026-01-24,2026-01-25,DA_TRA,760000,2,1767144847000
RENT_HCM_000471,47F-596.93,Khach_000318,Toyota,Vios,2026-03-23,2026-03-27,DA_TRA,3040000,2,1773753670000
RENT_HCM_000472,34C-827.75,Khach_000215,Hyundai,Accent,2026-01-12,2026-01-17,DANG_THUE,3600000,3,1765875234000
RENT_HCM_000473,32H-911.20,Khach_000200,VinFast,VF5,2026-12-27,2026-12-28,DA_TRA,600000,0,1797012280000
RENT_HCM_000474,43J-533.78,Khach_000197,Toyota,Innova,2026-10-01,2026-10-11,DA_TRA,11640000,1,1790696960000
RENT_HCM_000240,32A-213.22,Khach_000155,Toyota,Innova,2026-09-27,2026-09-28,DANG_THUE,1080000,3,1788599384000
RENT_HCM_000475,43J-347.61,Khach_000395,VinFast,VF5,2026-04-11,2026-04-17,DA_TRA,3240000,3,1774316181000
RENT_HCM_000241,45C-269.97,Khach_000337,Toyota,Innova,2026-06-07,2026-06-16,DANG_THUE,10476000,1,1778274905000
RENT_HCM_000476,49G-862.69,Khach_000096,Ford,Everest,2026-12-28,2026-12-28,DA_HUY,1800000,0,1798348114000
RENT_HCM_000242,51V-695.72,Khach_000474,Hyundai,Grand i10,2026-09-01,2026-09-06,DA_HUY,2850000,2,1787557782000
RENT_HCM_000477,34B-776.29,Khach_000019,VinFast,VF5,2026-03-05,2026-03-14,DANG_THUE,4860000,3,1770853606000
RENT_HCM_000243,46O-878.88,Khach_000016,Toyota,Innova,2026-12-23,2026-12-28,DA_TRA,6000000,0,1795598050000
RENT_HCM_000478,45P-488.95,Khach_000219,Kia,Seltos,2026-07-12,2026-07-18,DA_HUY,5940000,3,1782990758000
RENT_HCM_000244,48R-946.29,Khach_000198,Mazda,CX-5,2026-08-17,2026-08-19,DANG_THUE,2090000,2,1786006037000
RENT_HCM_000010,36X-754.63,Khach_000045,Kia,Seltos,2026-03-15,2026-03-16,DA_HUY,1067000,1,1771030108000
RENT_HCM_000479,38J-229.35,Khach_000448,Ford,Everest,2026-12-24,2026-12-28,DA_HUY,7200000,0,1796958240000
RENT_HCM_000245,36B-644.99,Khach_000490,Ford,Everest,2026-05-28,2026-05-28,DANG_THUE,1710000,2,1777981598000
RENT_HCM_000011,41H-772.44,Khach_000416,Honda,City,2026-05-28,2026-05-28,DANG_THUE,800000,0,1778306488000
RENT_HCM_000246,31T-359.61,Khach_000441,Honda,City,2026-05-22,2026-05-26,DA_TRA,3104000,1,1777021280000
RENT_HCM_000012,32U-366.22,Khach_000038,Toyota,Vios,2026-12-12,2026-12-20,DANG_THUE,6080000,2,1795988769000
RENT_HCM_000247,49T-911.82,Khach_000400,Hyundai,i10,2026-06-25,2026-06-28,DANG_THUE,1800000,0,1781293986000
RENT_HCM_000013,33V-112.10,Khach_000355,Mazda,CX-5,2026-09-23,2026-09-28,DA_HUY,4950000,3,1788461197000
RENT_HCM_000248,36A-684.59,Khach_000163,Honda,City,2026-05-18,2026-05-22,DA_TRA,2880000,3,1777628488000
RENT_HCM_000014,50D-685.42,Khach_000433,Ford,Everest,2026-08-13,2026-08-17,DA_TRA,6984000,1,1786300291000
RENT_HCM_000249,42L-593.44,Khach_000120,Kia,Seltos,2026-05-13,2026-05-16,DA_TRA,3300000,0,1778525124000
RENT_HCM_000015,44I-701.37,Khach_000366,Honda,City,2026-08-08,2026-08-17,DA_TRA,6840000,2,1784693999000
RENT_HCM_000016,48S-974.20,Khach_000382,Mazda,CX-5,2026-07-07,2026-07-15,DANG_THUE,8360000,2,1782708663000
RENT_HCM_000017,31L-739.57,Khach_000013,Kia,Morning,2026-02-06,2026-02-07,DA_TRA,582000,1,1768032985000
RENT_HCM_000018,44N-606.38,Khach_000455,Toyota,Innova,2026-03-17,2026-03-22,DANG_THUE,5400000,3,1772276879000
RENT_HCM_000019,42C-948.30,Khach_000146,Mazda,CX-5,2026-02-25,2026-02-28,DANG_THUE,3135000,2,1770380621000
RENT_HCM_000480,49M-840.80,Khach_000250,Kia,Seltos,2026-03-06,2026-03-12,DANG_THUE,6270000,2,1772054882000
RENT_HCM_000481,29W-634.39,Khach_000104,Honda,City,2026-01-11,2026-01-12,DA_HUY,800000,0,1767368083000
RENT_HCM_000482,31K-514.55,Khach_000407,Mitsubishi,Xpander,2026-11-02,2026-11-06,DA_HUY,3960000,3,1791711528000
RENT_HCM_000483,47R-417.79,Khach_000076,Kia,Seltos,2026-11-13,2026-11-19,DANG_THUE,6600000,0,1794354405000
RENT_HCM_000484,38A-937.48,Khach_000065,Kia,Seltos,2026-10-15,2026-10-16,DANG_THUE,1067000,1,1790477991000
RENT_HCM_000250,43R-251.64,Khach_000311,Mitsubishi,Xpander,2026-06-15,2026-06-19,DA_HUY,3960000,3,1780062192000
RENT_HCM_000485,45B-425.57,Khach_000488,Hyundai,Accent,2026-03-06,2026-03-10,DA_TRA,3200000,0,1772669860000
RENT_HCM_000251,50M-862.56,Khach_000013,Mitsubishi,Xpander,2026-05-04,2026-05-08,DA_TRA,4268000,1,1777430058000
RENT_HCM_000486,30A-894.30,Khach_000366,Hyundai,Accent,2026-12-09,2026-12-12,DA_TRA,2280000,2,1794905687000
RENT_HCM_000252,39N-321.62,Khach_000305,Hyundai,Grand i10,2026-10-16,2026-10-25,DA_HUY,5238000,1,1790158445000
RENT_HCM_000487,46W-474.76,Khach_000212,Honda,City,2026-04-26,2026-04-28,DANG_THUE,1600000,0,1775037970000
RENT_HCM_000253,47A-569.95,Khach_000099,Kia,Morning,2026-01-26,2026-01-28,DA_HUY,1080000,3,1769178789000
RENT_HCM_000488,31E-344.83,Khach_000186,Hyundai,Grand i10,2026-11-28,2026-11-28,DANG_THUE,570000,2,1794760691000
RENT_HCM_000254,37Y-689.31,Khach_000031,Hyundai,Accent,2026-12-14,2026-12-18,DANG_THUE,2880000,3,1796671562000
RENT_HCM_000020,39W-194.67,Khach_000403,Hyundai,Accent,2026-03-12,2026-03-21,DANG_THUE,6480000,3,1770962199000
RENT_HCM_000489,41K-786.77,Khach_000296,Toyota,Innova,2026-08-11,2026-08-12,DA_HUY,1200000,0,1785305044000
RENT_HCM_000255,41G-655.53,Khach_000143,Mazda,CX-5,2026-04-27,2026-04-28,DA_TRA,990000,3,1775886983000
RENT_HCM_000021,37X-209.82,Khach_000160,Ford,Everest,2026-02-08,2026-02-11,DANG_THUE,5400000,0,1768792502000
RENT_HCM_000256,45P-180.38,Khach_000359,Hyundai,Grand i10,2026-04-28,2026-04-28,DA_TRA,540000,3,1775159730000
RENT_HCM_000022,36W-417.83,Khach_000004,Toyota,Innova,2026-07-15,2026-07-20,DA_HUY,6000000,0,1782771590000
RENT_HCM_000257,48R-210.26,Khach_000091,Mitsubishi,Xpander,2026-07-06,2026-07-14,DA_HUY,7920000,3,1782502434000
RENT_HCM_000023,34I-342.20,Khach_000473,Hyundai,Accent,2026-04-07,2026-04-13,DA_TRA,4656000,1,1774086740000
RENT_HCM_000258,50G-266.61,Khach_000483,Kia,Morning,2026-06-03,2026-06-12,DA_TRA,4860000,3,1778307139000
RENT_HCM_000024,34Z-158.42,Khach_000483,Hyundai,Accent,2026-04-20,2026-04-25,DANG_THUE,3600000,3,1774743195000
RENT_HCM_000259,31Q-573.13,Khach_000477,Toyota,Vios,2026-08-18,2026-08-27,DA_TRA,6984000,1,1785679995000
RENT_HCM_000025,35A-997.35,Khach_000306,VinFast,VF5,2026-07-12,2026-07-13,DA_TRA,570000,2,1783726875000
RENT_HCM_000026,44G-670.91,Khach_000073,Kia,Seltos,2026-06-13,2026-06-23,DA_TRA,10670000,1,1779835713000
RENT_HCM_000027,37T-172.70,Khach_000120,Hyundai,Accent,2026-09-23,2026-09-27,DA_HUY,3200000,0,1788855031000
RENT_HCM_000028,47N-458.67,Khach_000046,Mitsubishi,Xpander,2026-11-05,2026-11-09,DA_HUY,4180000,2,1792445315000
RENT_HCM_000029,36P-872.13,Khach_000340,Hyundai,Accent,2026-01-20,2026-01-26,DA_TRA,4800000,0,1766701569000
RENT_HCM_000490,35E-118.73,Khach_000392,Kia,Seltos,2026-08-08,2026-08-18,DA_TRA,11000000,0,1784484065000
RENT_HCM_000491,50P-425.33,Khach_000149,Honda,City,2026-09-04,2026-09-12,DA_HUY,6208000,1,1786994857000
RENT_HCM_000492,32N-737.56,Khach_000186,VinFast,VF5,2026-12-13,2026-12-22,DANG_THUE,5130000,2,1796723038000
RENT_HCM_000493,47M-188.74,Khach_000462,Toyota,Innova,2026-09-04,2026-09-12,DA_TRA,9120000,2,1786282850000
RENT_HCM_000494,30U-127.34,Khach_000098,Toyota,Innova,2026-05-06,2026-05-10,DANG_THUE,4560000,2,1776356944000
RENT_HCM_000260,43F-814.30,Khach_000307,Hyundai,Accent,2026-05-11,2026-05-20,DA_HUY,6480000,3,1776090961000
RENT_HCM_000495,46S-206.87,Khach_000365,Mazda,CX-5,2026-07-13,2026-07-23,DANG_THUE,10670000,1,1782449676000
RENT_HCM_000261,34G-600.41,Khach_000392,Hyundai,i10,2026-04-21,2026-04-28,DA_HUY,4200000,0,1774494610000
RENT_HCM_000496,40E-534.44,Khach_000394,Hyundai,Grand i10,2026-09-26,2026-09-28,DA_HUY,1140000,2,1790271376000
RENT_HCM_000262,46C-828.70,Khach_000313,Toyota,Innova,2026-06-12,2026-06-18,DANG_THUE,6984000,1,1780779716000
RENT_HCM_000497,47A-211.85,Khach_000353,Honda,City,2026-12-24,2026-12-28,DA_TRA,3104000,1,1797806301000
RENT_HCM_000263,39W-882.76,Khach_000109,Kia,Seltos,2026-02-05,2026-02-06,DANG_THUE,1067000,1,1769415866000
RENT_HCM_000498,45V-550.73,Khach_000274,Kia,Seltos,2026-12-16,2026-12-17,DANG_THUE,1045000,2,1796274414000
RENT_HCM_000264,43O-285.64,Khach_000117,Hyundai,i10,2026-05-18,2026-05-24,DANG_THUE,3492000,1,1778907320000
RENT_HCM_000030,50E-186.68,Khach_000347,Hyundai,Grand i10,2026-05-15,2026-05-25,DA_HUY,5400000,3,1776543481000
RENT_HCM_000499,31W-534.74,Khach_000090,VinFast,VF5,2026-10-21,2026-10-27,DANG_THUE,3420000,2,1790044262000
RENT_HCM_000265,42D-347.98,Khach_000349,Mazda,CX-5,2026-05-13,2026-05-18,DA_HUY,5335000,1,1777457600000
RENT_HCM_000031,33C-761.40,Khach_000464,Kia,Seltos,2026-11-20,2026-11-23,DANG_THUE,3300000,0,1794559822000
RENT_HCM_000266,36Z-114.72,Khach_000065,Mitsubishi,Xpander,2026-02-17,2026-02-25,DA_HUY,8536000,1,1770360772000
RENT_HCM_000032,40O-983.83,Khach_000266,Hyundai,i10,2026-03-28,2026-03-28,DA_TRA,570000,2,1772202719000
RENT_HCM_000267,35C-795.34,Khach_000043,Honda,City,2026-11-17,2026-11-19,DA_TRA,1440000,3,1793753139000
RENT_HCM_000033,33Q-894.91,Khach_000170,Hyundai,i10,2026-05-20,2026-05-28,DA_HUY,4560000,2,1777041110000
RENT_HCM_000268,43J-409.30,Khach_000035,Kia,Morning,2026-07-24,2026-07-25,DANG_THUE,540000,3,1783080750000
RENT_HCM_000034,49U-464.89,Khach_000322,Ford,Everest,2026-02-27,2026-02-28,DA_HUY,1710000,2,1770129235000
RENT_HCM_000269,35O-676.31,Khach_000441,Honda,City,2026-08-20,2026-08-26,DA_TRA,4656000,1,1786582022000
RENT_HCM_000035,37A-622.64,Khach_000051,VinFast,VF5,2026-08-28,2026-08-28,DANG_THUE,540000,3,1787086293000
RENT_HCM_000036,39R-537.59,Khach_000327,VinFast,VF5,2026-03-05,2026-03-13,DA_TRA,4320000,3,1772577698000
RENT_HCM_000037,37T-260.39,Khach_000326,Mazda,CX-5,2026-11-21,2026-11-28,DA_TRA,7315000,2,1794379101000
RENT_HCM_000038,43J-557.18,Khach_000133,Hyundai,i10,2026-03-17,2026-03-27,DA_TRA,5820000,1,1771122363000
RENT_HCM_000039,38Q-915.90,Khach_000399,Hyundai,Grand i10,2026-07-19,2026-07-25,DA_HUY,3240000,3,1782622153000
RENT_HCM_000270,30R-271.39,Khach_000499,Hyundai,Grand i10,2026-08-11,2026-08-17,DA_TRA,3240000,3,1783852328000
RENT_HCM_000271,42B-400.51,Khach_000282,Toyota,Innova,2026-12-27,2026-12-28,DA_HUY,1140000,2,1796636016000
RENT_HCM_000272,38N-253.28,Khach_000049,Kia,Morning,2026-06-24,2026-06-28,DANG_THUE,2328000,1,1782177630000
RENT_HCM_000273,39U-983.69,Khach_000465,Hyundai,Grand i10,2026-03-04,2026-03-08,DANG_THUE,2328000,1,1769978368000
RENT_HCM_000274,46Y-763.99,Khach_000271,Hyundai,Accent,2026-11-19,2026-11-25,DANG_THUE,4320000,3,1794815877000
RENT_HCM_000040,40S-307.27,Khach_000141,Kia,Seltos,2026-01-22,2026-01-28,DA_HUY,6402000,1,1768857302000
RENT_HCM_000275,48T-809.18,Khach_000064,Honda,City,2026-10-15,2026-10-23,DANG_THUE,6400000,0,1791626435000
RENT_HCM_000041,35Y-522.94,Khach_000459,Ford,Everest,2026-05-21,2026-05-22,DANG_THUE,1620000,3,1776871006000
RENT_HCM_000276,34H-205.13,Khach_000132,Hyundai,Grand i10,2026-05-11,2026-05-12,DANG_THUE,600000,0,1777562953000
RENT_HCM_000042,42Z-597.48,Khach_000483,VinFast,VF5,2026-11-03,2026-11-06,DANG_THUE,1620000,3,1792808072000
RENT_HCM_000277,47H-558.59,Khach_000199,Hyundai,i10,2026-06-27,2026-06-28,DANG_THUE,540000,3,1780204954000
RENT_HCM_000043,40I-341.86,Khach_000085,Hyundai,Grand i10,2026-07-12,2026-07-22,DA_HUY,5820000,1,1781602936000
RENT_HCM_000278,42M-807.92,Khach_000498,Kia,Seltos,2026-11-11,2026-11-14,DA_TRA,3135000,2,1793028003000
RENT_HCM_000044,33C-163.61,Khach_000309,Mazda,CX-5,2026-12-11,2026-12-13,DANG_THUE,2134000,1,1796275583000
RENT_HCM_000279,43V-585.20,Khach_000191,Mazda,CX-5,2026-11-15,2026-11-24,DANG_THUE,8910000,3,1792844431000
RENT_HCM_000045,48T-390.88,Khach_000350,Toyota,Innova,2026-09-20,2026-09-24,DANG_THUE,4560000,2,1788393766000
RENT_HCM_000046,34V-477.82,Khach_000435,Honda,City,2026-11-03,2026-11-09,DA_TRA,4320000,3,1793595731000
RENT_HCM_000047,30Q-274.81,Khach_000352,Hyundai,Grand i10,2026-10-02,2026-10-11,DANG_THUE,5400000,0,1788570402000
RENT_HCM_000048,39C-620.43,Khach_000290,Mazda,CX-5,2026-01-10,2026-01-15,DA_HUY,5225000,2,1767592884000
RENT_HCM_000049,48P-855.35,Khach_000016,Hyundai,i10,2026-01-02,2026-01-11,DA_TRA,5400000,0,1766453920000
RENT_HCM_000280,47H-290.81,Khach_000041,Hyundai,i10,2026-05-01,2026-05-03,DANG_THUE,1164000,1,1777196443000
RENT_HCM_000281,42Z-961.41,Khach_000322,VinFast,VF5,2026-10-17,2026-10-19,DANG_THUE,1140000,2,1790948478000
RENT_HCM_000282,32M-645.93,Khach_000304,Ford,Everest,2026-10-24,2026-10-26,DA_HUY,3600000,0,1791954221000
RENT_HCM_000283,44D-842.45,Khach_000185,Toyota,Innova,2026-01-14,2026-01-15,DANG_THUE,1164000,1,1766952878000
RENT_HCM_000284,46O-171.96,Khach_000484,Toyota,Innova,2026-06-17,2026-06-21,DA_HUY,4800000,0,1779167330000
RENT_HCM_000050,48N-393.21,Khach_000386,Hyundai,i10,2026-03-28,2026-03-28,DA_HUY,570000,2,1773428574000
RENT_HCM_000285,48C-349.49,Khach_000322,Toyota,Vios,2026-03-01,2026-03-08,DA_TRA,5320000,2,1770712577000
RENT_HCM_000051,38N-274.14,Khach_000271,Mazda,CX-5,2026-08-04,2026-08-12,DA_HUY,7920000,3,1785515113000
RENT_HCM_000286,41B-447.23,Khach_000392,Hyundai,Accent,2026-06-06,2026-06-07,DA_HUY,800000,0,1779468756000
RENT_HCM_000052,29I-743.56,Khach_000399,Hyundai,Grand i10,2026-04-13,2026-04-18,DANG_THUE,2700000,3,1774032778000
RENT_HCM_000287,35S-657.15,Khach_000493,Kia,Morning,2026-03-05,2026-03-07,DA_HUY,1164000,1,1772394887000
RENT_HCM_000053,30Z-265.12,Khach_000419,Kia,Morning,2026-09-20,2026-09-25,DA_HUY,2700000,3,1789679372000
RENT_HCM_000288,33C-338.37,Khach_000347,Mazda,CX-5,2026-01-18,2026-01-24,DANG_THUE,5940000,3,1767113714000
RENT_HCM_000054,34G-498.24,Khach_000276,Toyota,Innova,2026-09-06,2026-09-13,DA_TRA,8400000,0,1786146186000
RENT_HCM_000289,34P-309.83,Khach_000154,Hyundai,Accent,2026-08-19,2026-08-25,DA_HUY,4560000,2,1784862813000
RENT_HCM_000055,44T-565.95,Khach_000278,Kia,Morning,2026-08-21,2026-08-26,DA_TRA,2850000,2,1787093803000
RENT_HCM_000056,31T-242.42,Khach_000008,Hyundai,Grand i10,2026-02-03,2026-02-04,DANG_THUE,600000,0,1769795918000
RENT_HCM_000057,33S-981.86,Khach_000238,Toyota,Vios,2026-02-22,2026-02-27,DA_TRA,3800000,2,1769574107000
RENT_HCM_000058,43L-518.25,Khach_000200,Toyota,Vios,2026-08-27,2026-08-28,DANG_THUE,800000,0,1785434714000
RENT_HCM_000059,50Q-113.43,Khach_000253,Kia,Seltos,2026-11-16,2026-11-23,DA_TRA,7469000,1,1792961677000
RENT_HCM_000290,38X-812.21,Khach_000226,Honda,City,2026-03-10,2026-03-14,DA_TRA,3040000,2,1771728980000
RENT_HCM_000291,37T-259.84,Khach_000386,VinFast,VF5,2026-01-07,2026-01-12,DA_TRA,2850000,2,1767328388000
RENT_HCM_000292,42G-811.11,Khach_000381,Mazda,CX-5,2026-02-06,2026-02-12,DANG_THUE,6402000,1,1768687793000
RENT_HCM_000293,43G-850.11,Khach_000489,Hyundai,Accent,2026-10-02,2026-10-12,DA_TRA,7760000,1,1790743350000
RENT_HCM_000294,43O-339.19,Khach_000228,Kia,Morning,2026-11-08,2026-11-09,DANG_THUE,600000,0,1793680984000
RENT_HCM_000060,50Q-949.16,Khach_000014,Ford,Everest,2026-08-18,2026-08-28,DA_HUY,17100000,2,1784875720000
RENT_HCM_000295,34I-878.23,Khach_000370,Honda,City,2026-06-23,2026-06-27,DA_HUY,3040000,2,1780540082000
RENT_HCM_000061,31Q-616.44,Khach_000230,Mitsubishi,Xpander,2026-07-23,2026-07-28,DA_HUY,5225000,2,1783131359000
RENT_HCM_000296,50U-453.51,Khach_000447,Toyota,Innova,2026-12-03,2026-12-11,DA_HUY,8640000,3,1794530051000
RENT_HCM_000062,33X-686.96,Khach_000099,Hyundai,i10,2026-01-07,2026-01-09,DANG_THUE,1080000,3,1766683574000
RENT_HCM_000297,30L-827.71,Khach_000128,Hyundai,i10,2026-11-27,2026-11-28,DA_HUY,600000,0,1795099112000
RENT_HCM_000063,36R-656.18,Khach_000036,Honda,City,2026-04-11,2026-04-20,DA_TRA,7200000,0,1774028010000
RENT_HCM_000298,40Q-842.51,Khach_000331,Hyundai,Grand i10,2026-11-13,2026-11-20,DA_HUY,3780000,3,1793951043000
RENT_HCM_000064,40H-334.83,Khach_000060,Mazda,CX-5,2026-09-10,2026-09-17,DANG_THUE,7700000,0,1786543413000
RENT_HCM_000299,49N-505.15,Khach_000076,Toyota,Innova,2026-09-28,2026-09-28,DANG_THUE,1200000,0,1789377571000
RENT_HCM_000065,51U-476.76,Khach_000142,Kia,Seltos,2026-03-12,2026-03-20,DA_TRA,8360000,2,1771762910000
RENT_HCM_000066,31K-758.99,Khach_000187,Hyundai,i10,2026-10-17,2026-10-21,DA_TRA,2160000,3,1789917617000
RENT_HCM_000067,44L-314.87,Khach_000377,Mazda,CX-5,2026-10-07,2026-10-09,DA_TRA,2134000,1,1790347180000
RENT_HCM_000068,37V-546.55,Khach_000161,Hyundai,i10,2026-11-03,2026-11-07,DA_HUY,2328000,1,1793466936000
RENT_HCM_000069,37C-862.91,Khach_000160,VinFast,VF5,2026-12-19,2026-12-28,DA_TRA,5400000,0,1796366745000
RENT_HCM_000070,31L-174.66,Khach_000147,Honda,City,2026-04-16,2026-04-23,DA_HUY,5040000,3,1775732605000
RENT_HCM_000071,31U-803.81,Khach_000046,VinFast,VF5,2026-06-28,2026-06-28,DANG_THUE,570000,2,1780035079000
RENT_HCM_000072,41X-763.49,Khach_000176,Mazda,CX-5,2026-02-28,2026-02-28,DA_HUY,1100000,0,1770462994000
RENT_HCM_000073,48C-880.65,Khach_000043,Kia,Morning,2026-09-07,2026-09-08,DA_HUY,540000,3,1787748208000
RENT_HCM_000074,40C-231.73,Khach_000043,Hyundai,Accent,2026-12-17,2026-12-21,DA_HUY,2880000,3,1795226023000
RENT_HCM_000075,49Y-313.83,Khach_000494,Honda,City,2026-10-10,2026-10-14,DA_TRA,3040000,2,1789671614000
RENT_HCM_000076,45O-440.79,Khach_000213,Hyundai,Accent,2026-11-10,2026-11-12,DANG_THUE,1552000,1,1793076562000
RENT_HCM_000077,42M-464.11,Khach_000029,Mazda,CX-5,2026-02-22,2026-02-24,DA_HUY,2134000,1,1769589291000
RENT_HCM_000078,34P-712.77,Khach_000483,Hyundai,Grand i10,2026-05-14,2026-05-17,DA_TRA,1620000,3,1778507446000
RENT_HCM_000079,47Z-492.30,Khach_000007,VinFast,VF5,2026-12-16,2026-12-17,DANG_THUE,540000,3,1796566994000
RENT_HCM_000080,50Z-932.57,Khach_000037,Hyundai,i10,2026-07-20,2026-07-28,DANG_THUE,4656000,1,1784266395000
RENT_HCM_000081,35S-295.66,Khach_000228,VinFast,VF5,2026-08-20,2026-08-26,DA_HUY,3600000,0,1786199860000
RENT_HCM_000082,51H-923.14,Khach_000477,Toyota,Vios,2026-11-12,2026-11-17,DA_TRA,3880000,1,1794124379000
RENT_HCM_000083,43E-252.34,Khach_000233,Hyundai,Grand i10,2026-05-07,2026-05-13,DA_TRA,3492000,1,1777402316000
RENT_HCM_000084,39Z-333.97,Khach_000350,Toyota,Vios,2026-07-08,2026-07-12,DA_TRA,3040000,2,1782390711000
RENT_HCM_000085,32E-343.71,Khach_000457,Toyota,Vios,2026-10-27,2026-10-28,DA_TRA,776000,1,1791973502000
RENT_HCM_000086,30K-927.65,Khach_000468,Ford,Everest,2026-11-16,2026-11-17,DA_TRA,1800000,0,1794332278000
RENT_HCM_000087,40V-799.43,Khach_000495,VinFast,VF5,2026-02-11,2026-02-17,DA_TRA,3240000,3,1768788508000
RENT_HCM_000088,42V-846.97,Khach_000421,Toyota,Vios,2026-06-02,2026-06-07,DANG_THUE,3880000,1,1779924822000
RENT_HCM_000089,44W-167.15,Khach_000408,Kia,Seltos,2026-12-21,2026-12-28,DA_TRA,7700000,0,1795414789000
RENT_HCM_000090,46Y-753.79,Khach_000426,Hyundai,Grand i10,2026-03-07,2026-03-12,DANG_THUE,2850000,2,1772222759000
RENT_HCM_000091,33P-347.95,Khach_000115,Ford,Everest,2026-09-22,2026-09-28,DANG_THUE,9720000,3,1789868145000
RENT_HCM_000092,40R-119.20,Khach_000261,Kia,Morning,2026-10-24,2026-10-28,DA_HUY,2328000,1,1791984428000
RENT_HCM_000093,31O-971.59,Khach_000440,Mitsubishi,Xpander,2026-05-17,2026-05-19,DA_TRA,2200000,0,1777657286000
RENT_HCM_000094,43Q-806.77,Khach_000353,Mitsubishi,Xpander,2026-03-26,2026-03-28,DA_HUY,2134000,1,1772817656000
RENT_HCM_000095,43P-647.41,Khach_000197,Kia,Seltos,2026-06-03,2026-06-13,DA_TRA,10670000,1,1778548889000
RENT_HCM_000096,49U-505.56,Khach_000199,Hyundai,i10,2026-08-15,2026-08-24,DA_HUY,4860000,3,1784994438000
RENT_HCM_000097,48Y-513.23,Khach_000247,Mitsubishi,Xpander,2026-04-02,2026-04-07,DA_TRA,4950000,3,1774974674000
RENT_HCM_000098,33I-412.54,Khach_000318,Kia,Seltos,2026-03-10,2026-03-11,DA_TRA,1045000,2,1771617935000
RENT_HCM_000099,38D-626.21,Khach_000070,Mazda,CX-5,2026-08-06,2026-08-08,DA_TRA,2090000,2,1784164665000
RENT_HCM_000900,37J-693.74,Khach_000047,Toyota,Innova,2026-06-08,2026-06-12,DA_HUY,4320000,3,1779371313000
RENT_HCM_000901,42Z-211.31,Khach_000481,Kia,Seltos,2026-03-15,2026-03-19,DA_HUY,4268000,1,1771770576000
RENT_HCM_000902,49L-390.96,Khach_000161,Toyota,Innova,2026-07-05,2026-07-12,DANG_THUE,8148000,1,1782430428000
RENT_HCM_000903,31B-307.76,Khach_000025,Mitsubishi,Xpander,2026-05-04,2026-05-08,DANG_THUE,4268000,1,1775867670000
RENT_HCM_000904,45I-953.54,Khach_000097,Toyota,Vios,2026-04-22,2026-04-28,DA_HUY,4656000,1,1775443920000
RENT_HCM_000905,43O-570.50,Khach_000493,Mitsubishi,Xpander,2026-03-12,2026-03-19,DA_HUY,7469000,1,1773223861000
RENT_HCM_000906,40C-442.64,Khach_000340,Toyota,Vios,2026-01-14,2026-01-20,DANG_THUE,4800000,0,1765795499000
RENT_HCM_000907,44V-455.28,Khach_000016,Mitsubishi,Xpander,2026-11-12,2026-11-17,DA_HUY,5500000,0,1793571199000
RENT_HCM_000908,31Y-709.22,Khach_000037,Toyota,Vios,2026-03-14,2026-03-18,DANG_THUE,3104000,1,1772869988000
RENT_HCM_000909,31D-889.59,Khach_000146,Mazda,CX-5,2026-03-08,2026-03-11,DA_HUY,3135000,2,1770951122000
RENT_HCM_000910,40F-106.73,Khach_000184,Toyota,Innova,2026-05-25,2026-05-28,DA_TRA,3600000,0,1777391683000
RENT_HCM_000911,35G-499.82,Khach_000035,Mazda,CX-5,2026-04-11,2026-04-14,DA_TRA,2970000,3,1775106511000
RENT_HCM_000912,46W-182.79,Khach_000424,Toyota,Vios,2026-05-19,2026-05-26,DANG_THUE,5600000,0,1778632228000
RENT_HCM_000913,51S-672.15,Khach_000005,Mitsubishi,Xpander,2026-05-07,2026-05-11,DA_HUY,4268000,1,1777628307000
RENT_HCM_000914,32H-499.78,Khach_000407,Ford,Everest,2026-04-23,2026-04-28,DA_HUY,8100000,3,1774348014000
RENT_HCM_000915,30Z-866.72,Khach_000113,Toyota,Innova,2026-08-16,2026-08-23,DA_TRA,8148000,1,1785509864000
RENT_HCM_000916,38T-457.24,Khach_000285,Kia,Seltos,2026-04-01,2026-04-06,DA_TRA,5335000,1,1774314038000
RENT_HCM_000917,33X-749.62,Khach_000286,Kia,Seltos,2026-08-21,2026-08-27,DANG_THUE,6270000,2,1786040020000
RENT_HCM_000918,35M-504.30,Khach_000156,VinFast,VF5,2026-03-04,2026-03-10,DANG_THUE,3600000,0,1770857090000
RENT_HCM_000919,41M-501.33,Khach_000067,Hyundai,i10,2026-12-13,2026-12-22,DANG_THUE,4860000,3,1796723938000
RENT_HCM_000920,35U-658.19,Khach_000405,Ford,Everest,2026-10-18,2026-10-20,DANG_THUE,3492000,1,1791102433000
RENT_HCM_000921,46P-549.85,Khach_000324,Hyundai,i10,2026-06-23,2026-06-28,DA_HUY,3000000,0,1781459370000
RENT_HCM_000922,48C-176.67,Khach_000218,Kia,Morning,2026-04-09,2026-04-15,DA_TRA,3420000,2,1774987927000
RENT_HCM_000923,34U-999.72,Khach_000082,Toyota,Innova,2026-02-17,2026-02-19,DA_TRA,2280000,2,1770040983000
RENT_HCM_000924,35M-700.57,Khach_000054,Ford,Everest,2026-08-13,2026-08-22,DA_HUY,15390000,2,1786279955000
RENT_HCM_000925,36B-678.66,Khach_000057,Honda,City,2026-01-07,2026-01-10,DA_HUY,2328000,1,1766520921000
RENT_HCM_000926,37K-220.33,Khach_000473,Mitsubishi,Xpander,2026-08-28,2026-08-28,DA_TRA,1067000,1,1786701774000
RENT_HCM_000927,50T-614.20,Khach_000138,Ford,Everest,2026-08-05,2026-08-09,DA_TRA,6840000,2,1784739398000
RENT_HCM_000928,42H-810.33,Khach_000467,Honda,City,2026-01-28,2026-01-28,DANG_THUE,720000,3,1769336668000
RENT_HCM_000929,36Z-467.85,Khach_000489,Toyota,Vios,2026-01-03,2026-01-12,DA_HUY,6984000,1,1765614641000
RENT_HCM_000930,41D-562.68,Khach_000326,Hyundai,i10,2026-12-22,2026-12-28,DA_TRA,3420000,2,1795923140000
RENT_HCM_000931,31J-291.13,Khach_000415,Toyota,Vios,2026-09-17,2026-09-22,DA_HUY,3600000,3,1787422760000
RENT_HCM_000932,47M-517.48,Khach_000466,VinFast,VF5,2026-08-08,2026-08-12,DA_HUY,2280000,2,1785130587000
RENT_HCM_000933,50Z-404.15,Khach_000181,VinFast,VF5,2026-06-19,2026-06-23,DA_HUY,2328000,1,1779700969000
RENT_HCM_000934,36S-729.69,Khach_000135,Toyota,Vios,2026-04-10,2026-04-12,DANG_THUE,1440000,3,1773996236000
RENT_HCM_000700,44E-802.65,Khach_000013,Mitsubishi,Xpander,2026-04-09,2026-04-14,DA_HUY,5335000,1,1774424917000
RENT_HCM_000935,32P-110.13,Khach_000436,Mazda,CX-5,2026-11-28,2026-11-28,DA_TRA,1100000,0,1793246483000
RENT_HCM_000701,34F-309.86,Khach_000063,Kia,Seltos,2026-12-15,2026-12-17,DANG_THUE,1980000,3,1796531341000
RENT_HCM_000936,45R-882.16,Khach_000412,Kia,Seltos,2026-03-17,2026-03-22,DA_HUY,5500000,0,1773320875000
RENT_HCM_000702,46O-350.62,Khach_000044,Honda,City,2026-01-24,2026-01-26,DA_TRA,1600000,0,1766646194000
RENT_HCM_000937,39G-416.88,Khach_000276,Mazda,CX-5,2026-03-10,2026-03-12,DA_TRA,2200000,0,1772463120000
RENT_HCM_000703,30G-160.58,Khach_000320,Hyundai,i10,2026-10-27,2026-10-28,DANG_THUE,600000,0,1791694638000
RENT_HCM_000938,45T-122.83,Khach_000025,Kia,Seltos,2026-11-17,2026-11-22,DA_TRA,5335000,1,1793236382000
RENT_HCM_000704,42G-459.72,Khach_000155,Honda,City,2026-08-05,2026-08-14,DA_TRA,6480000,3,1783340777000
RENT_HCM_000939,44C-624.59,Khach_000380,Mitsubishi,Xpander,2026-07-21,2026-07-23,DANG_THUE,2200000,0,1782250263000
RENT_HCM_000705,49S-222.62,Khach_000183,Toyota,Vios,2026-08-26,2026-08-28,DA_HUY,1440000,3,1785101610000
RENT_HCM_000706,36O-793.73,Khach_000180,VinFast,VF5,2026-11-15,2026-11-16,DA_HUY,600000,0,1792802082000
RENT_HCM_000707,48T-977.15,Khach_000352,Hyundai,i10,2026-04-28,2026-04-28,DA_HUY,600000,0,1775701808000
RENT_HCM_000708,36L-708.78,Khach_000207,Hyundai,Grand i10,2026-12-16,2026-12-19,DANG_THUE,1620000,3,1795290806000
RENT_HCM_000709,36Z-621.62,Khach_000190,Mitsubishi,Xpander,2026-01-14,2026-01-18,DANG_THUE,4180000,2,1768108112000
RENT_HCM_000940,50B-461.26,Khach_000295,Hyundai,Grand i10,2026-11-04,2026-11-05,DANG_THUE,540000,3,1792347034000
RENT_HCM_000941,51V-282.61,Khach_000164,Kia,Seltos,2026-05-08,2026-05-14,DA_HUY,6600000,0,1775604891000
RENT_HCM_000942,34T-496.12,Khach_000314,Ford,Everest,2026-07-21,2026-07-28,DA_HUY,11970000,2,1782810739000
RENT_HCM_000943,35J-720.28,Khach_000064,Mazda,CX-5,2026-02-09,2026-02-16,DA_TRA,7700000,0,1768656983000
RENT_HCM_000944,40Q-169.96,Khach_000093,Hyundai,Grand i10,2026-02-10,2026-02-19,DANG_THUE,5238000,1,1769064804000
RENT_HCM_000710,40R-154.24,Khach_000500,Toyota,Innova,2026-06-04,2026-06-08,DA_HUY,4800000,0,1778035020000
RENT_HCM_000945,30U-799.65,Khach_000353,Honda,City,2026-11-23,2026-11-24,DA_TRA,776000,1,1793616985000
RENT_HCM_000711,51W-506.20,Khach_000208,Toyota,Vios,2026-05-18,2026-05-25,DA_TRA,5600000,0,1777433791000
RENT_HCM_000946,35H-955.86,Khach_000321,Toyota,Vios,2026-04-13,2026-04-23,DA_HUY,7760000,1,1775929687000
RENT_HCM_000712,39B-457.68,Khach_000408,Hyundai,Grand i10,2026-12-21,2026-12-28,DANG_THUE,4200000,0,1797436474000
RENT_HCM_000947,47E-288.62,Khach_000357,Mitsubishi,Xpander,2026-03-07,2026-03-10,DANG_THUE,3201000,1,1771217513000
RENT_HCM_000713,35M-262.23,Khach_000302,Kia,Seltos,2026-07-04,2026-07-09,DANG_THUE,5225000,2,1780794410000
RENT_HCM_000948,29F-535.92,Khach_000073,VinFast,VF5,2026-10-28,2026-10-28,DANG_THUE,582000,1,1792594378000
RENT_HCM_000714,44K-246.21,Khach_000082,Toyota,Vios,2026-09-18,2026-09-21,DANG_THUE,2280000,2,1787855060000
RENT_HCM_000949,34Q-778.23,Khach_000117,Ford,Everest,2026-02-17,2026-02-24,DA_HUY,12222000,1,1770362094000
RENT_HCM_000715,37P-137.59,Khach_000437,Toyota,Innova,2026-07-04,2026-07-08,DANG_THUE,4656000,1,1782476180000
RENT_HCM_000716,44C-576.58,Khach_000284,Honda,City,2026-11-05,2026-11-09,DA_HUY,3200000,0,1793318802000
RENT_HCM_000717,49D-602.22,Khach_000217,Hyundai,Grand i10,2026-08-18,2026-08-19,DANG_THUE,582000,1,1785684778000
RENT_HCM_000718,40P-522.77,Khach_000416,Hyundai,Accent,2026-01-09,2026-01-14,DA_HUY,4000000,0,1765872440000
RENT_HCM_000719,36U-423.84,Khach_000139,Hyundai,Accent,2026-12-19,2026-12-21,DA_HUY,1440000,3,1796824811000
RENT_HCM_000950,49I-544.77,Khach_000225,VinFast,VF5,2026-05-05,2026-05-15,DA_HUY,5820000,1,1777852850000
RENT_HCM_000951,30J-915.36,Khach_000283,Mitsubishi,Xpander,2026-04-13,2026-04-23,DA_HUY,9900000,3,1775344955000
RENT_HCM_000952,50C-277.90,Khach_000329,Hyundai,Accent,2026-11-18,2026-11-20,DA_TRA,1552000,1,1794413663000
RENT_HCM_000953,33Y-715.50,Khach_000340,Kia,Seltos,2026-04-14,2026-04-16,DA_HUY,2200000,0,1775866642000
RENT_HCM_000954,42D-402.18,Khach_000053,Kia,Seltos,2026-06-15,2026-06-23,DA_TRA,8536000,1,1781123015000
RENT_HCM_000720,38E-393.97,Khach_000362,Honda,City,2026-01-23,2026-01-28,DA_TRA,3800000,2,1767849806000
RENT_HCM_000955,45Q-507.21,Khach_000099,Ford,Everest,2026-02-16,2026-02-18,DANG_THUE,3240000,3,1770995410000
RENT_HCM_000721,29Y-996.62,Khach_000337,Ford,Everest,2026-06-05,2026-06-14,DA_TRA,15714000,1,1778600926000
RENT_HCM_000956,31J-248.83,Khach_000329,Hyundai,Grand i10,2026-07-07,2026-07-14,DANG_THUE,4074000,1,1782811382000
RENT_HCM_000722,49Z-407.11,Khach_000044,Toyota,Vios,2026-10-07,2026-10-10,DA_TRA,2400000,0,1789762220000
RENT_HCM_000957,31G-115.66,Khach_000020,Hyundai,Accent,2026-06-13,2026-06-22,DANG_THUE,7200000,0,1779950404000
RENT_HCM_000723,29Q-649.49,Khach_000191,Toyota,Innova,2026-01-04,2026-01-10,DA_TRA,6480000,3,1767019167000
RENT_HCM_000958,36Z-482.84,Khach_000082,Hyundai,Accent,2026-09-01,2026-09-08,DA_HUY,5320000,2,1786984268000
RENT_HCM_000724,49F-776.44,Khach_000222,Ford,Everest,2026-01-06,2026-01-15,DANG_THUE,15390000,2,1766494195000
RENT_HCM_000959,32R-303.98,Khach_000123,Ford,Everest,2026-10-08,2026-10-10,DA_HUY,3240000,3,1790855052000
RENT_HCM_000725,40J-338.62,Khach_000401,Toyota,Vios,2026-07-07,2026-07-16,DA_TRA,6984000,1,1780906158000
RENT_HCM_000726,29P-500.80,Khach_000208,Hyundai,Accent,2026-12-25,2026-12-28,DA_TRA,2400000,0,1797751879000
RENT_HCM_000727,40Q-112.29,Khach_000287,Toyota,Vios,2026-03-23,2026-03-24,DA_HUY,720000,3,1772091016000
RENT_HCM_000728,48N-355.78,Khach_000114,Kia,Seltos,2026-08-11,2026-08-12,DANG_THUE,1045000,2,1784777774000
RENT_HCM_000729,46E-228.24,Khach_000102,Hyundai,Accent,2026-05-17,2026-05-18,DA_HUY,760000,2,1777948369000
RENT_HCM_000960,39J-835.91,Khach_000316,Kia,Morning,2026-06-07,2026-06-12,DA_TRA,3000000,0,1780532816000
RENT_HCM_000961,39Y-188.78,Khach_000472,VinFast,VF5,2026-03-27,2026-03-28,DA_TRA,600000,0,1773916914000
RENT_HCM_000962,49B-526.32,Khach_000135,Hyundai,i10,2026-11-01,2026-11-08,DA_TRA,3780000,3,1793096299000
RENT_HCM_000963,47S-384.33,Khach_000015,Mazda,CX-5,2026-05-09,2026-05-16,DANG_THUE,6930000,3,1777062622000
RENT_HCM_000964,50G-908.84,Khach_000327,VinFast,VF5,2026-05-25,2026-05-28,DANG_THUE,1620000,3,1779132883000
RENT_HCM_000730,49M-957.56,Khach_000192,Hyundai,i10,2026-11-06,2026-11-08,DANG_THUE,1200000,0,1792645692000
RENT_HCM_000965,49X-621.11,Khach_000136,Hyundai,Accent,2026-10-01,2026-10-11,DANG_THUE,8000000,0,1788645867000
RENT_HCM_000731,41B-123.15,Khach_000288,Kia,Seltos,2026-07-28,2026-07-28,DANG_THUE,1100000,0,1784615000000
RENT_HCM_000966,44R-472.33,Khach_000484,Hyundai,Accent,2026-11-03,2026-11-09,DA_TRA,4800000,0,1791633897000
RENT_HCM_000732,50B-202.96,Khach_000050,Mitsubishi,Xpander,2026-01-24,2026-01-26,DA_TRA,2090000,2,1766815165000
RENT_HCM_000967,36Z-989.22,Khach_000484,Toyota,Vios,2026-02-21,2026-02-24,DANG_THUE,2400000,0,1770233053000
RENT_HCM_000733,36B-506.68,Khach_000474,Honda,City,2026-11-13,2026-11-16,DA_HUY,2280000,2,1793299869000
RENT_HCM_000968,33V-803.34,Khach_000190,Hyundai,i10,2026-02-03,2026-02-07,DA_TRA,2280000,2,1769099591000
RENT_HCM_000734,47D-985.25,Khach_000062,Mitsubishi,Xpander,2026-07-20,2026-07-23,DANG_THUE,3135000,2,1784079343000
RENT_HCM_000500,47W-891.21,Khach_000079,Mazda,CX-5,2026-04-18,2026-04-21,DA_HUY,2970000,3,1775656490000
RENT_HCM_000969,45K-563.66,Khach_000084,Ford,Everest,2026-12-04,2026-12-13,DANG_THUE,16200000,0,1796168719000
RENT_HCM_000735,45R-721.99,Khach_000476,Toyota,Vios,2026-02-26,2026-02-28,DANG_THUE,1600000,0,1771827528000
RENT_HCM_000501,30U-551.70,Khach_000126,Hyundai,i10,2026-08-27,2026-08-28,DA_HUY,570000,2,1785589156000
RENT_HCM_000736,32A-705.16,Khach_000336,Toyota,Vios,2026-08-10,2026-08-15,DA_TRA,4000000,0,1784349905000
RENT_HCM_000502,34A-665.91,Khach_000338,Toyota,Innova,2026-01-06,2026-01-12,DA_TRA,6840000,2,1767570851000
RENT_HCM_000737,42A-687.47,Khach_000169,Toyota,Vios,2026-03-28,2026-03-28,DA_HUY,776000,1,1774540660000
RENT_HCM_000503,38J-272.37,Khach_000312,VinFast,VF5,2026-05-13,2026-05-21,DA_TRA,4800000,0,1776307351000
RENT_HCM_000738,51S-594.63,Khach_000158,Toyota,Innova,2026-05-14,2026-05-17,DANG_THUE,3420000,2,1778181577000
RENT_HCM_000504,37U-322.16,Khach_000144,Toyota,Innova,2026-06-10,2026-06-17,DANG_THUE,8400000,0,1779238724000
RENT_HCM_000739,33U-655.26,Khach_000340,Honda,City,2026-07-04,2026-07-09,DA_HUY,4000000,0,1782313698000
RENT_HCM_000505,37J-284.15,Khach_000474,VinFast,VF5,2026-08-22,2026-08-28,DANG_THUE,3420000,2,1785399029000
RENT_HCM_000506,47K-802.27,Khach_000377,Honda,City,2026-02-28,2026-02-28,DA_HUY,776000,1,1771371473000
RENT_HCM_000507,29Z-923.48,Khach_000034,Kia,Morning,2026-07-28,2026-07-28,DA_TRA,570000,2,1784909866000
RENT_HCM_000508,41K-981.20,Khach_000370,Hyundai,Accent,2026-09-17,2026-09-22,DA_TRA,3800000,2,1789003139000
RENT_HCM_000509,42G-166.45,Khach_000103,Kia,Seltos,2026-06-21,2026-06-24,DA_TRA,2970000,3,1780358036000
RENT_HCM_000970,44B-229.16,Khach_000061,Mazda,CX-5,2026-07-23,2026-07-28,DANG_THUE,5335000,1,1784091318000
RENT_HCM_000971,30L-534.85,Khach_000356,Honda,City,2026-09-28,2026-09-28,DA_HUY,800000,0,1789609209000
RENT_HCM_000972,31B-550.67,Khach_000182,Kia,Seltos,2026-07-09,2026-07-19,DA_TRA,10450000,2,1783398199000
RENT_HCM_000973,36L-873.83,Khach_000399,Hyundai,Grand i10,2026-08-25,2026-08-28,DA_HUY,1620000,3,1785466305000
RENT_HCM_000974,49Q-323.64,Khach_000210,Toyota,Innova,2026-02-18,2026-02-19,DA_TRA,1140000,2,1771262640000
RENT_HCM_000740,43H-493.16,Khach_000176,Honda,City,2026-10-24,2026-10-28,DA_HUY,3200000,0,1791931593000
RENT_HCM_000975,39G-349.88,Khach_000106,Hyundai,Grand i10,2026-09-05,2026-09-09,DA_HUY,2280000,2,1786943322000
RENT_HCM_000741,45V-965.88,Khach_000113,Kia,Morning,2026-05-18,2026-05-23,DA_TRA,2910000,1,1777134518000
RENT_HCM_000976,33Y-963.24,Khach_000427,Mazda,CX-5,2026-11-19,2026-11-24,DANG_THUE,4950000,3,1794136668000
RENT_HCM_000742,33U-115.26,Khach_000168,Mitsubishi,Xpander,2026-09-08,2026-09-13,DA_TRA,5500000,0,1786949570000
RENT_HCM_000977,50A-720.22,Khach_000011,Honda,City,2026-08-13,2026-08-18,DANG_THUE,3600000,3,1785216356000
RENT_HCM_000743,30U-569.84,Khach_000435,Hyundai,Accent,2026-01-27,2026-01-28,DA_TRA,720000,3,1767126094000
RENT_HCM_000978,46K-775.10,Khach_000360,Toyota,Innova,2026-06-25,2026-06-28,DA_HUY,3600000,0,1781562932000
RENT_HCM_000744,44O-513.47,Khach_000202,Honda,City,2026-07-16,2026-07-26,DA_TRA,7600000,2,1783973682000
RENT_HCM_000510,32Z-720.69,Khach_000303,Honda,City,2026-01-05,2026-01-06,DANG_THUE,720000,3,1765209002000
RENT_HCM_000979,33P-444.83,Khach_000106,Hyundai,Grand i10,2026-03-13,2026-03-20,DA_TRA,3990000,2,1773147306000
RENT_HCM_000745,51K-792.70,Khach_000067,Toyota,Vios,2026-02-21,2026-02-28,DA_TRA,5040000,3,1770127597000
RENT_HCM_000511,45C-487.36,Khach_000301,Kia,Morning,2026-08-03,2026-08-10,DA_TRA,4074000,1,1784244303000
RENT_HCM_000746,38Z-214.91,Khach_000105,Hyundai,Grand i10,2026-05-09,2026-05-16,DA_HUY,4074000,1,1776400600000
RENT_HCM_000512,37Z-733.11,Khach_000126,Kia,Seltos,2026-09-13,2026-09-21,DA_TRA,8360000,2,1787470704000
RENT_HCM_000747,50J-630.47,Khach_000298,Hyundai,Grand i10,2026-07-07,2026-07-09,DANG_THUE,1140000,2,1781669958000
RENT_HCM_000513,34H-573.38,Khach_000300,Toyota,Vios,2026-11-05,2026-11-15,DA_TRA,8000000,0,1793475150000
RENT_HCM_000748,34O-383.59,Khach_000106,Toyota,Vios,2026-09-24,2026-09-25,DA_TRA,760000,2,1789522257000
RENT_HCM_000514,33Y-651.23,Khach_000370,VinFast,VF5,2026-11-01,2026-11-04,DA_TRA,1710000,2,1791443167000
RENT_HCM_000749,45O-138.80,Khach_000131,Hyundai,i10,2026-09-21,2026-09-27,DANG_THUE,3240000,3,1788869195000
RENT_HCM_000515,30R-436.73,Khach_000205,Honda,City,2026-01-11,2026-01-17,DA_TRA,4656000,1,1765580667000
RENT_HCM_000516,34Y-945.50,Khach_000200,Mazda,CX-5,2026-11-18,2026-11-20,DANG_THUE,2200000,0,1793005700000
RENT_HCM_000517,40C-698.97,Khach_000005,Mazda,CX-5,2026-06-10,2026-06-11,DANG_THUE,1067000,1,1778756260000
RENT_HCM_000518,48L-826.92,Khach_000130,Mitsubishi,Xpander,2026-06-15,2026-06-23,DA_HUY,8360000,2,1780247582000
RENT_HCM_000519,41P-306.63,Khach_000320,Mazda,CX-5,2026-03-20,2026-03-28,DA_TRA,8800000,0,1773342696000
RENT_HCM_000980,45G-637.47,Khach_000435,Toyota,Vios,2026-09-16,2026-09-21,DA_HUY,3600000,3,1789360954000
RENT_HCM_000981,49Q-150.28,Khach_000180,Mazda,CX-5,2026-12-15,2026-12-20,DANG_THUE,5500000,0,1796099980000
RENT_HCM_000982,48X-361.60,Khach_000402,Ford,Everest,2026-06-01,2026-06-09,DA_HUY,13680000,2,1778742250000
RENT_HCM_000983,30F-656.54,Khach_000233,Hyundai,Accent,2026-03-08,2026-03-18,DA_TRA,7760000,1,1770771779000
RENT_HCM_000984,50N-538.95,Khach_000317,Honda,City,2026-07-26,2026-07-28,DANG_THUE,1552000,1,1783821670000
RENT_HCM_000750,32P-561.76,Khach_000245,Kia,Morning,2026-02-09,2026-02-12,DANG_THUE,1746000,1,1768187010000
RENT_HCM_000985,39Q-936.18,Khach_000224,Hyundai,Accent,2026-10-09,2026-10-12,DA_TRA,2400000,0,1791320218000
RENT_HCM_000751,33N-724.63,Khach_000145,Hyundai,i10,2026-01-12,2026-01-17,DANG_THUE,2910000,1,1765756278000
RENT_HCM_000986,50Y-867.46,Khach_000356,VinFast,VF5,2026-06-04,2026-06-10,DANG_THUE,3600000,0,1779476476000
RENT_HCM_000752,36A-182.76,Khach_000293,Toyota,Innova,2026-12-04,2026-12-06,DANG_THUE,2328000,1,1794802750000
RENT_HCM_000987,37R-869.98,Khach_000143,Honda,City,2026-08-21,2026-08-23,DANG_THUE,1440000,3,1786205448000
RENT_HCM_000753,45Q-127.18,Khach_000276,Hyundai,Grand i10,2026-05-04,2026-05-10,DA_TRA,3600000,0,1777213864000
RENT_HCM_000988,51Q-965.25,Khach_000123,Hyundai,i10,2026-09-14,2026-09-22,DANG_THUE,4320000,3,1786784983000
RENT_HCM_000754,40A-347.27,Khach_000432,Toyota,Innova,2026-07-17,2026-07-26,DA_TRA,10800000,0,1783408776000
RENT_HCM_000520,30W-836.27,Khach_000371,Ford,Everest,2026-01-01,2026-01-04,DANG_THUE,4860000,3,1766268524000
RENT_HCM_000989,31X-471.65,Khach_000040,Kia,Seltos,2026-04-01,2026-04-04,DANG_THUE,3300000,0,1773938564000
RENT_HCM_000755,43L-827.82,Khach_000376,Hyundai,i10,2026-11-08,2026-11-14,DANG_THUE,3600000,0,1793222419000
RENT_HCM_000521,49G-169.34,Khach_000032,Hyundai,Grand i10,2026-06-12,2026-06-20,DA_TRA,4800000,0,1780644821000
RENT_HCM_000756,47F-263.34,Khach_000124,Hyundai,Grand i10,2026-04-13,2026-04-19,DA_TRA,3600000,0,1774508802000
RENT_HCM_000522,37C-635.70,Khach_000477,Hyundai,i10,2026-11-25,2026-11-28,DA_TRA,1746000,1,1794573905000
RENT_HCM_000757,48Q-160.48,Khach_000041,Hyundai,Accent,2026-02-21,2026-02-23,DA_HUY,1552000,1,1769577961000
RENT_HCM_000523,47O-354.93,Khach_000101,Hyundai,Grand i10,2026-08-15,2026-08-23,DA_HUY,4656000,1,1786099356000
RENT_HCM_000758,29H-621.29,Khach_000201,Hyundai,Grand i10,2026-10-17,2026-10-18,DA_HUY,582000,1,1791189306000
RENT_HCM_000524,46B-362.56,Khach_000186,Kia,Morning,2026-12-06,2026-12-12,DA_TRA,3420000,2,1794462911000
RENT_HCM_000759,35U-377.70,Khach_000468,Hyundai,i10,2026-01-10,2026-01-12,DA_HUY,1200000,0,1766585765000
RENT_HCM_000525,50J-878.34,Khach_000449,Ford,Everest,2026-08-01,2026-08-09,DA_TRA,13968000,1,1783482855000
RENT_HCM_000526,43G-886.66,Khach_000354,Ford,Everest,2026-06-14,2026-06-19,DANG_THUE,8550000,2,1779957301000
RENT_HCM_000527,38B-805.94,Khach_000414,Kia,Seltos,2026-04-22,2026-04-27,DANG_THUE,5225000,2,1775237493000
RENT_HCM_000528,38N-631.37,Khach_000029,Kia,Morning,2026-06-01,2026-06-11,DANG_THUE,5820000,1,1779651105000
RENT_HCM_000529,29K-741.78,Khach_000329,Hyundai,Grand i10,2026-04-26,2026-04-28,DA_TRA,1164000,1,1776804663000
RENT_HCM_000990,51T-579.45,Khach_000344,Mitsubishi,Xpander,2026-03-24,2026-03-27,DANG_THUE,3300000,0,1772581502000
RENT_HCM_000991,50G-286.47,Khach_000010,Hyundai,Grand i10,2026-11-03,2026-11-13,DANG_THUE,5700000,2,1791767511000
RENT_HCM_000992,51A-341.40,Khach_000341,Ford,Everest,2026-10-12,2026-10-14,DA_TRA,3492000,1,1789159795000
RENT_HCM_000993,29Q-767.81,Khach_000023,Toyota,Innova,2026-08-18,2026-08-22,DA_TRA,4320000,3,1784685057000
RENT_HCM_000994,31V-220.79,Khach_000201,Ford,Everest,2026-12-04,2026-12-09,DANG_THUE,8730000,1,1795001486000
RENT_HCM_000760,47O-696.51,Khach_000333,Ford,Everest,2026-09-23,2026-09-28,DA_HUY,8730000,1,1790096136000
RENT_HCM_000995,44X-172.53,Khach_000455,Mazda,CX-5,2026-02-10,2026-02-20,DA_HUY,9900000,3,1770122926000
RENT_HCM_000761,32H-287.74,Khach_000441,Honda,City,2026-01-09,2026-01-12,DANG_THUE,2328000,1,1767796334000
RENT_HCM_000996,41F-295.81,Khach_000404,VinFast,VF5,2026-11-05,2026-11-08,DANG_THUE,1800000,0,1791388275000
RENT_HCM_000762,49F-100.33,Khach_000070,Toyota,Vios,2026-11-06,2026-11-12,DA_TRA,4560000,2,1792833110000
RENT_HCM_000997,37D-610.14,Khach_000270,VinFast,VF5,2026-07-08,2026-07-15,DA_HUY,3990000,2,1782408266000
RENT_HCM_000763,29T-920.31,Khach_000381,Kia,Seltos,2026-04-20,2026-04-25,DA_TRA,5335000,1,1774216917000
RENT_HCM_000998,40B-582.96,Khach_000072,Hyundai,i10,2026-01-20,2026-01-26,DANG_THUE,3600000,0,1768836147000
RENT_HCM_000764,30Q-823.97,Khach_000469,Hyundai,Grand i10,2026-04-11,2026-04-19,DANG_THUE,4656000,1,1773573770000
RENT_HCM_000530,50E-807.16,Khach_000333,Mazda,CX-5,2026-11-21,2026-11-28,DA_TRA,7469000,1,1793093195000
RENT_HCM_000999,36V-639.69,Khach_000007,VinFast,VF5,2026-07-26,2026-07-28,DA_HUY,1080000,3,1783141110000
RENT_HCM_000765,36Z-236.72,Khach_000198,Toyota,Vios,2026-02-06,2026-02-13,DA_TRA,5320000,2,1767868212000
RENT_HCM_000531,29H-825.19,Khach_000156,VinFast,VF5,2026-03-13,2026-03-19,DANG_THUE,3600000,0,1771912271000
RENT_HCM_000766,45F-668.61,Khach_000253,Hyundai,Grand i10,2026-04-05,2026-04-10,DANG_THUE,2910000,1,1774772946000
RENT_HCM_000532,30J-768.42,Khach_000416,Ford,Everest,2026-10-24,2026-10-28,DA_HUY,7200000,0,1792248951000
RENT_HCM_000767,38G-672.77,Khach_000204,Toyota,Vios,2026-04-15,2026-04-17,DA_HUY,1600000,0,1773834484000
RENT_HCM_000533,43I-807.95,Khach_000178,Hyundai,Grand i10,2026-07-08,2026-07-18,DANG_THUE,5700000,2,1782914513000
RENT_HCM_000768,47J-842.91,Khach_000377,Hyundai,i10,2026-11-22,2026-11-28,DA_TRA,3492000,1,1794864195000
RENT_HCM_000534,30K-913.19,Khach_000278,Mitsubishi,Xpander,2026-07-10,2026-07-12,DA_HUY,2090000,2,1782308201000
RENT_HCM_000300,46C-134.13,Khach_000359,Honda,City,2026-01-23,2026-01-24,DANG_THUE,720000,3,1768756646000
RENT_HCM_000769,29J-677.96,Khach_000170,Mitsubishi,Xpander,2026-01-26,2026-01-28,DA_HUY,2090000,2,1768592218000
RENT_HCM_000535,36V-895.70,Khach_000431,Kia,Morning,2026-09-12,2026-09-17,DANG_THUE,2700000,3,1789112351000
RENT_HCM_000301,37T-557.96,Khach_000177,Kia,Morning,2026-04-28,2026-04-28,DA_HUY,582000,1,1774784130000
RENT_HCM_000536,38R-513.24,Khach_000090,Mazda,CX-5,2026-09-11,2026-09-14,DA_TRA,3135000,2,1787773756000
RENT_HCM_000302,37E-805.69,Khach_000088,Hyundai,Grand i10,2026-02-16,2026-02-23,DANG_THUE,4200000,0,1769080841000
RENT_HCM_000537,48A-766.24,Khach_000361,Kia,Seltos,2026-09-23,2026-09-28,DA_TRA,5335000,1,1789332741000
RENT_HCM_000303,30A-481.33,Khach_000042,Kia,Seltos,2026-12-26,2026-12-28,DANG_THUE,2090000,2,1796210860000
RENT_HCM_000538,38A-410.17,Khach_000084,Mazda,CX-5,2026-11-25,2026-11-28,DA_TRA,3300000,0,1795224609000
RENT_HCM_000304,44J-978.66,Khach_000104,Toyota,Vios,2026-02-08,2026-02-15,DANG_THUE,5600000,0,1769859328000
RENT_HCM_000539,31F-623.19,Khach_000261,Hyundai,Accent,2026-08-09,2026-08-12,DANG_THUE,2328000,1,1785694988000
RENT_HCM_000305,39N-963.67,Khach_000022,Ford,Everest,2026-12-10,2026-12-18,DA_TRA,13680000,2,1796515299000
RENT_HCM_000306,40P-202.98,Khach_000292,VinFast,VF5,2026-09-15,2026-09-24,DANG_THUE,5400000,0,1787820319000
RENT_HCM_000307,31I-139.21,Khach_000465,Honda,City,2026-03-03,2026-03-07,DA_TRA,3104000,1,1771471331000
RENT_HCM_000308,32P-449.49,Khach_000473,Hyundai,i10,2026-03-26,2026-03-28,DA_TRA,1164000,1,1772660661000
RENT_HCM_000309,51Q-111.89,Khach_000144,Mazda,CX-5,2026-10-09,2026-10-18,DANG_THUE,9900000,0,1789219138000
RENT_HCM_000770,42I-174.32,Khach_000406,Kia,Morning,2026-11-16,2026-11-20,DA_HUY,2280000,2,1792416991000
RENT_HCM_000771,35T-806.87,Khach_000074,Ford,Everest,2026-09-03,2026-09-13,DANG_THUE,17100000,2,1786180971000
RENT_HCM_000772,44N-148.39,Khach_000324,Hyundai,Accent,2026-07-07,2026-07-09,DANG_THUE,1600000,0,1782520162000
RENT_HCM_000773,29W-259.82,Khach_000069,Kia,Morning,2026-12-03,2026-12-07,DANG_THUE,2328000,1,1794473623000
RENT_HCM_000774,49V-949.77,Khach_000474,Hyundai,i10,2026-04-22,2026-04-28,DA_HUY,3420000,2,1774642177000
RENT_HCM_000540,36G-340.45,Khach_000110,Mazda,CX-5,2026-12-17,2026-12-24,DA_TRA,7315000,2,1794896514000
RENT_HCM_000775,30T-638.73,Khach_000340,Honda,City,2026-04-18,2026-04-27,DANG_THUE,7200000,0,1774731789000
RENT_HCM_000541,49L-778.47,Khach_000271,Mazda,CX-5,2026-09-12,2026-09-20,DANG_THUE,7920000,3,1787173634000
RENT_HCM_000776,51S-873.14,Khach_000239,Hyundai,Accent,2026-11-03,2026-11-07,DA_HUY,2880000,3,1793134939000
RENT_HCM_000542,41K-394.55,Khach_000437,Kia,Seltos,2026-08-01,2026-08-07,DA_HUY,6402000,1,1783021570000
RENT_HCM_000777,43O-708.85,Khach_000095,Hyundai,Grand i10,2026-09-17,2026-09-23,DA_TRA,3240000,3,1788766212000
RENT_HCM_000543,50D-546.64,Khach_000169,Kia,Morning,2026-02-28,2026-02-28,DANG_THUE,582000,1,1770847020000
RENT_HCM_000778,51V-813.51,Khach_000416,VinFast,VF5,2026-09-27,2026-09-28,DA_TRA,600000,0,1789391276000
RENT_HCM_000544,44X-788.45,Khach_000103,Mitsubishi,Xpander,2026-07-27,2026-07-28,DA_TRA,990000,3,1783013165000
RENT_HCM_000310,43G-589.92,Khach_000379,Hyundai,Accent,2026-06-28,2026-06-28,DA_TRA,720000,3,1780655341000
RENT_HCM_000779,50S-735.70,Khach_000182,Toyota,Innova,2026-11-09,2026-11-17,DA_TRA,9120000,2,1793734927000
RENT_HCM_000545,44B-871.81,Khach_000238,Hyundai,Grand i10,2026-07-25,2026-07-28,DA_HUY,1710000,2,1784367097000
RENT_HCM_000311,30R-262.79,Khach_000089,Hyundai,i10,2026-07-22,2026-07-28,DA_TRA,3492000,1,1783956590000
RENT_HCM_000546,45A-893.32,Khach_000363,Mazda,CX-5,2026-07-22,2026-07-28,DA_HUY,5940000,3,1783514567000
RENT_HCM_000312,31E-755.13,Khach_000066,Mazda,CX-5,2026-09-03,2026-09-12,DA_TRA,9405000,2,1785881247000
RENT_HCM_000547,31M-283.85,Khach_000168,Hyundai,i10,2026-10-15,2026-10-20,DA_HUY,3000000,0,1790630649000
RENT_HCM_000313,36V-235.55,Khach_000368,Hyundai,Grand i10,2026-07-22,2026-07-28,DA_TRA,3600000,0,1782709922000
RENT_HCM_000548,40W-464.86,Khach_000234,Toyota,Vios,2026-01-12,2026-01-16,DANG_THUE,3040000,2,1766492225000
RENT_HCM_000314,32O-195.36,Khach_000346,Toyota,Innova,2026-11-17,2026-11-24,DA_TRA,7980000,2,1792581360000
RENT_HCM_000549,33F-352.91,Khach_000034,Toyota,Vios,2026-11-14,2026-11-18,DA_HUY,3040000,2,1794117608000
RENT_HCM_000315,41M-244.24,Khach_000005,Mitsubishi,Xpander,2026-03-21,2026-03-28,DANG_THUE,7469000,1,1771778892000
RENT_HCM_000316,49K-274.18,Khach_000401,Honda,City,2026-03-09,2026-03-15,DA_HUY,4656000,1,1771065337000
RENT_HCM_000317,44E-653.65,Khach_000179,Hyundai,Grand i10,2026-10-16,2026-10-22,DA_HUY,3240000,3,1790701651000
RENT_HCM_000318,48A-855.78,Khach_000374,Toyota,Vios,2026-03-21,2026-03-28,DA_HUY,5320000,2,1772070590000
RENT_HCM_000319,48D-780.39,Khach_000154,Kia,Morning,2026-11-15,2026-11-25,DA_TRA,5700000,2,1794361821000
RENT_HCM_000780,36X-375.46,Khach_000024,Toyota,Vios,2026-12-10,2026-12-17,DANG_THUE,5600000,0,1794643750000
RENT_HCM_000781,43G-725.34,Khach_000472,Ford,Everest,2026-04-04,2026-04-12,DA_TRA,14400000,0,1772677565000
RENT_HCM_000782,49A-995.22,Khach_000273,Hyundai,Accent,2026-12-02,2026-12-06,DA_TRA,3104000,1,1795484061000
RENT_HCM_000783,32N-254.40,Khach_000221,Kia,Morning,2026-11-01,2026-11-07,DA_TRA,3492000,1,1793164270000
RENT_HCM_000784,38Z-156.22,Khach_000126,Kia,Morning,2026-01-13,2026-01-20,DA_TRA,3990000,2,1765955839000
RENT_HCM_000550,41B-863.97,Khach_000325,VinFast,VF5,2026-01-13,2026-01-17,DA_HUY,2328000,1,1766924249000
RENT_HCM_000551,50Z-308.49,Khach_000281,Toyota,Vios,2026-04-13,2026-04-16,DA_HUY,2328000,1,1775784284000
RENT_HCM_000785,38K-521.47,Khach_000394,Mitsubishi,Xpander,2026-03-26,2026-03-28,DA_HUY,2090000,2,1772267651000
RENT_HCM_000552,45B-647.43,Khach_000186,Hyundai,Grand i10,2026-06-11,2026-06-19,DA_TRA,4560000,2,1780994741000
RENT_HCM_000786,35L-223.47,Khach_000129,Toyota,Vios,2026-10-27,2026-10-28,DA_HUY,776000,1,1791333721000
RENT_HCM_000553,37A-936.73,Khach_000110,Mitsubishi,Xpander,2026-08-24,2026-08-28,DA_TRA,4180000,2,1786468059000
RENT_HCM_000787,48Z-380.63,Khach_000219,Hyundai,i10,2026-12-01,2026-12-05,DA_TRA,2160000,3,1795025928000
RENT_HCM_000320,46S-679.50,Khach_000444,Hyundai,Accent,2026-08-04,2026-08-08,DANG_THUE,3200000,0,1784084050000
RENT_HCM_000554,31U-185.82,Khach_000275,Toyota,Vios,2026-01-17,2026-01-25,DA_TRA,5760000,3,1767510032000
RENT_HCM_000788,48K-530.28,Khach_000111,Toyota,Innova,2026-01-16,2026-01-26,DANG_THUE,10800000,3,1767186911000
RENT_HCM_000321,29A-260.72,Khach_000311,Hyundai,Accent,2026-05-06,2026-05-14,DA_TRA,5760000,3,1776971634000
RENT_HCM_000555,37T-568.80,Khach_000403,Mazda,CX-5,2026-07-22,2026-07-24,DANG_THUE,1980000,3,1784624788000
RENT_HCM_000789,46E-840.76,Khach_000061,Mazda,CX-5,2026-01-25,2026-01-28,DANG_THUE,3201000,1,1767453449000
RENT_HCM_000322,40M-886.62,Khach_000322,Mazda,CX-5,2026-01-03,2026-01-09,DA_HUY,6270000,2,1766816912000
RENT_HCM_000556,37T-741.65,Khach_000086,Honda,City,2026-03-10,2026-03-19,DANG_THUE,6840000,2,1772103598000
RENT_HCM_000323,40P-147.60,Khach_000339,Honda,City,2026-10-17,2026-10-20,DANG_THUE,2160000,3,1792154884000
RENT_HCM_000557,42T-332.91,Khach_000300,Kia,Morning,2026-08-22,2026-08-28,DA_TRA,3600000,0,1785135208000
RENT_HCM_000324,32C-672.54,Khach_000030,Mazda,CX-5,2026-05-21,2026-05-28,DANG_THUE,7315000,2,1776765543000
RENT_HCM_000558,36E-782.66,Khach_000238,Hyundai,Grand i10,2026-09-20,2026-09-23,DA_TRA,1710000,2,1788817874000
RENT_HCM_000325,40N-842.80,Khach_000221,Hyundai,Grand i10,2026-02-04,2026-02-08,DANG_THUE,2328000,1,1768188299000
RENT_HCM_000559,42G-266.38,Khach_000108,Ford,Everest,2026-06-25,2026-06-28,DA_HUY,5400000,0,1780463409000
RENT_HCM_000326,30F-434.17,Khach_000300,Mitsubishi,Xpander,2026-09-22,2026-09-28,DANG_THUE,6600000,0,1788103420000
RENT_HCM_000327,43K-256.67,Khach_000319,Kia,Morning,2026-10-05,2026-10-07,DA_HUY,1080000,3,1789354215000
RENT_HCM_000328,46J-772.85,Khach_000287,VinFast,VF5,2026-08-06,2026-08-08,DA_HUY,1080000,3,1784511697000
RENT_HCM_000329,45A-248.40,Khach_000013,Honda,City,2026-10-17,2026-10-20,DA_HUY,2328000,1,1790400362000
RENT_HCM_000790,36D-735.48,Khach_000257,Hyundai,Accent,2026-05-03,2026-05-07,DA_HUY,3104000,1,1775807682000
RENT_HCM_000791,46C-311.74,Khach_000018,VinFast,VF5,2026-12-04,2026-12-07,DA_HUY,1710000,2,1795717050000
RENT_HCM_000792,43B-347.27,Khach_000197,Toyota,Vios,2026-10-13,2026-10-17,DA_HUY,3104000,1,1789875577000
RENT_HCM_000793,49N-833.70,Khach_000432,Mitsubishi,Xpander,2026-11-19,2026-11-20,DA_TRA,1100000,0,1795002023000
RENT_HCM_000560,42C-602.26,Khach_000349,Toyota,Innova,2026-05-13,2026-05-22,DA_HUY,10476000,1,1777452581000
RENT_HCM_000794,47Z-133.51,Khach_000243,Hyundai,i10,2026-12-16,2026-12-24,DA_HUY,4320000,3,1796597879000
RENT_HCM_000561,41H-487.81,Khach_000347,Kia,Seltos,2026-04-18,2026-04-28,DANG_THUE,9900000,3,1774512982000
RENT_HCM_000795,38Z-897.58,Khach_000430,Ford,Everest,2026-02-08,2026-02-16,DA_HUY,13680000,2,1769044658000
RENT_HCM_000562,47H-575.39,Khach_000096,Kia,Morning,2026-09-08,2026-09-11,DA_HUY,1800000,0,1787123834000
RENT_HCM_000796,50K-393.10,Khach_000118,Toyota,Innova,2026-10-01,2026-10-05,DANG_THUE,4560000,2,1788439898000
RENT_HCM_000563,46R-156.33,Khach_000409,Mitsubishi,Xpander,2026-10-13,2026-10-21,DA_HUY,8536000,1,1789248619000
RENT_HCM_000797,50I-992.10,Khach_000121,Toyota,Innova,2026-03-16,2026-03-17,DA_TRA,1164000,1,1773091767000
RENT_HCM_000330,30Y-804.36,Khach_000130,Ford,Everest,2026-06-07,2026-06-16,DA_TRA,15390000,2,1779801143000
RENT_HCM_000564,46S-796.17,Khach_000185,Toyota,Innova,2026-06-07,2026-06-08,DANG_THUE,1164000,1,1779578027000
RENT_HCM_000798,34H-155.59,Khach_000210,Hyundai,Grand i10,2026-05-13,2026-05-22,DA_HUY,5130000,2,1776091417000
RENT_HCM_000331,39U-532.26,Khach_000230,VinFast,VF5,2026-06-20,2026-06-22,DANG_THUE,1140000,2,1780253763000
RENT_HCM_000565,49W-473.13,Khach_000122,Mitsubishi,Xpander,2026-07-18,2026-07-19,DA_HUY,1045000,2,1782118815000
RENT_HCM_000799,41I-763.54,Khach_000054,Ford,Everest,2026-12-10,2026-12-11,DA_HUY,1710000,2,1794960516000
RENT_HCM_000332,49M-913.75,Khach_000219,Mitsubishi,Xpander,2026-09-01,2026-09-09,DANG_THUE,7920000,3,1788036529000
RENT_HCM_000566,33X-486.39,Khach_000445,Kia,Seltos,2026-04-21,2026-04-28,DA_HUY,7469000,1,1775580868000
RENT_HCM_000333,38D-218.64,Khach_000377,VinFast,VF5,2026-08-14,2026-08-24,DANG_THUE,5820000,1,1786559957000
RENT_HCM_000567,46V-184.84,Khach_000125,Mitsubishi,Xpander,2026-07-20,2026-07-21,DA_HUY,1067000,1,1781896600000
RENT_HCM_000100,40M-886.90,Khach_000335,VinFast,VF5,2026-03-17,2026-03-19,DA_HUY,1080000,3,1773079131000
RENT_HCM_000334,29H-140.15,Khach_000132,Hyundai,i10,2026-03-08,2026-03-18,DA_HUY,6000000,0,1770850760000
RENT_HCM_000568,50I-912.99,Khach_000375,Mitsubishi,Xpander,2026-10-19,2026-10-28,DA_TRA,8910000,3,1792342595000
RENT_HCM_000101,36H-410.25,Khach_000089,Toyota,Vios,2026-02-16,2026-02-18,DA_TRA,1552000,1,1769745811000
RENT_HCM_000335,38T-434.34,Khach_000226,Ford,Everest,2026-10-08,2026-10-09,DA_HUY,1710000,2,1791002526000
RENT_HCM_000569,35B-614.31,Khach_000207,Hyundai,i10,2026-02-27,2026-02-28,DA_HUY,540000,3,1769823540000
RENT_HCM_000102,31J-904.28,Khach_000253,Hyundai,i10,2026-09-10,2026-09-11,DA_TRA,582000,1,1788783069000
RENT_HCM_000336,43B-141.13,Khach_000455,Kia,Seltos,2026-02-10,2026-02-16,DA_HUY,5940000,3,1769827918000
RENT_HCM_000103,40C-719.66,Khach_000438,Toyota,Innova,2026-12-11,2026-12-12,DA_HUY,1140000,2,1796859522000
RENT_HCM_000337,34X-177.41,Khach_000011,Mazda,CX-5,2026-08-16,2026-08-26,DA_HUY,9900000,3,1786515998000
RENT_HCM_000104,42T-176.82,Khach_000093,VinFast,VF5,2026-03-16,2026-03-20,DANG_THUE,2328000,1,1771216662000
RENT_HCM_000338,48B-454.94,Khach_000210,Mitsubishi,Xpander,2026-04-18,2026-04-26,DA_HUY,8360000,2,1775233984000
RENT_HCM_000105,41J-783.65,Khach_000232,Mazda,CX-5,2026-09-02,2026-09-03,DANG_THUE,1100000,0,1787871810000
RENT_HCM_000339,45R-230.33,Khach_000100,Hyundai,Accent,2026-07-10,2026-07-15,DA_HUY,4000000,0,1782836381000
RENT_HCM_000106,48X-718.74,Khach_000257,Mazda,CX-5,2026-07-01,2026-07-03,DA_TRA,2134000,1,1780544656000
RENT_HCM_000107,31G-457.57,Khach_000135,Mazda,CX-5,2026-05-06,2026-05-07,DA_HUY,990000,3,1776559427000
RENT_HCM_000108,41I-180.29,Khach_000061,Hyundai,Accent,2026-11-10,2026-11-16,DA_TRA,4656000,1,1793006274000
RENT_HCM_000109,40M-683.81,Khach_000044,Honda,City,2026-07-21,2026-07-27,DA_TRA,4800000,0,1783162405000
RENT_HCM_000570,29O-465.80,Khach_000157,Toyota,Vios,2026-08-09,2026-08-12,DANG_THUE,2328000,1,1786123242000
RENT_HCM_000571,45Q-924.78,Khach_000382,Hyundai,i10,2026-01-04,2026-01-13,DANG_THUE,5130000,2,1766130727000
RENT_HCM_000572,38Q-944.60,Khach_000434,Hyundai,Grand i10,2026-08-11,2026-08-17,DA_TRA,3420000,2,1786207594000
RENT_HCM_000573,44L-759.78,Khach_000355,Toyota,Innova,2026-05-17,2026-05-20,DA_HUY,3240000,3,1777447168000
RENT_HCM_000340,33J-970.64,Khach_000058,Toyota,Vios,2026-02-21,2026-02-24,DANG_THUE,2280000,2,1770505283000
RENT_HCM_000574,37Y-441.93,Khach_000172,Honda,City,2026-07-18,2026-07-21,DA_TRA,2400000,0,1783097622000
RENT_HCM_000341,41O-715.86,Khach_000263,VinFast,VF5,2026-02-07,2026-02-16,DA_TRA,4860000,3,1769336451000
RENT_HCM_000575,48Q-544.98,Khach_000404,Kia,Morning,2026-09-27,2026-09-28,DA_HUY,600000,0,1789064209000
RENT_HCM_000342,41S-812.16,Khach_000273,Honda,City,2026-01-07,2026-01-12,DA_TRA,3880000,1,1765514277000
RENT_HCM_000576,37R-849.50,Khach_000340,Ford,Everest,2026-05-04,2026-05-14,DA_TRA,18000000,0,1775422859000
RENT_HCM_000343,44Y-226.24,Khach_000426,Hyundai,Accent,2026-09-03,2026-09-08,DA_TRA,3800000,2,1786157576000
RENT_HCM_000577,43R-148.55,Khach_000350,VinFast,VF5,2026-08-02,2026-08-05,DA_HUY,1710000,2,1784148296000
RENT_HCM_000110,37D-608.48,Khach_000143,Hyundai,Grand i10,2026-05-26,2026-05-28,DANG_THUE,1080000,3,1778136115000
RENT_HCM_000344,35O-774.68,Khach_000032,Mitsubishi,Xpander,2026-07-04,2026-07-13,DA_HUY,9900000,0,1782187278000
RENT_HCM_000578,38P-829.67,Khach_000090,Hyundai,Accent,2026-09-02,2026-09-07,DA_TRA,3800000,2,1786784494000
RENT_HCM_000111,36Z-548.42,Khach_000304,VinFast,VF5,2026-03-01,2026-03-03,DA_TRA,1200000,0,1771706407000
RENT_HCM_000345,40U-814.14,Khach_000101,Hyundai,Grand i10,2026-04-25,2026-04-27,DA_HUY,1164000,1,1775609730000
RENT_HCM_000579,30E-953.85,Khach_000010,Mazda,CX-5,2026-10-01,2026-10-08,DA_TRA,7315000,2,1790329648000
RENT_HCM_000112,48E-539.32,Khach_000094,Toyota,Innova,2026-04-23,2026-04-25,DA_HUY,2280000,2,1776781880000
RENT_HCM_000346,29N-778.78,Khach_000103,Toyota,Innova,2026-11-19,2026-11-28,DANG_THUE,9720000,3,1794664417000
RENT_HCM_000113,29N-146.17,Khach_000206,Mazda,CX-5,2026-12-28,2026-12-28,DA_TRA,1045000,2,1796092374000
RENT_HCM_000347,41L-951.31,Khach_000494,Mitsubishi,Xpander,2026-10-16,2026-10-17,DANG_THUE,1045000,2,1790620433000
RENT_HCM_000114,29W-925.97,Khach_000410,VinFast,VF5,2026-04-14,2026-04-16,DA_HUY,1140000,2,1774256570000
RENT_HCM_000348,35X-409.51,Khach_000270,Hyundai,Grand i10,2026-06-23,2026-06-25,DA_TRA,1140000,2,1781167545000
RENT_HCM_000115,41O-746.93,Khach_000287,Kia,Morning,2026-04-24,2026-04-28,DA_HUY,2160000,3,1776374960000
RENT_HCM_000349,31J-457.83,Khach_000389,Kia,Morning,2026-12-06,2026-12-09,DANG_THUE,1746000,1,1796016815000
RENT_HCM_000116,33L-739.39,Khach_000255,Mazda,CX-5,2026-03-15,2026-03-17,DA_HUY,1980000,3,1771659557000
RENT_HCM_000117,40P-178.35,Khach_000078,VinFast,VF5,2026-06-09,2026-06-15,DA_TRA,3420000,2,1779387277000
RENT_HCM_000118,41D-508.40,Khach_000032,Kia,Seltos,2026-12-06,2026-12-10,DANG_THUE,4400000,0,1794745573000
RENT_HCM_000119,29R-224.32,Khach_000381,Toyota,Innova,2026-08-14,2026-08-19,DA_HUY,5820000,1,1785034383000
RENT_HCM_000580,44U-509.85,Khach_000482,Ford,Everest,2026-07-18,2026-07-23,DA_HUY,8550000,2,1781836723000
RENT_HCM_000581,48O-626.23,Khach_000139,Honda,City,2026-12-03,2026-12-09,DANG_THUE,4320000,3,1794294821000
RENT_HCM_000582,45B-634.41,Khach_000016,Toyota,Vios,2026-06-07,2026-06-08,DA_TRA,800000,0,1778398431000
RENT_HCM_000583,44W-321.89,Khach_000331,Honda,City,2026-03-15,2026-03-24,DA_HUY,6480000,3,1770992158000
RENT_HCM_000350,46U-421.35,Khach_000290,Hyundai,i10,2026-08-09,2026-08-17,DANG_THUE,4560000,2,1784514611000
RENT_HCM_000584,47T-437.27,Khach_000144,Ford,Everest,2026-10-04,2026-10-14,DANG_THUE,18000000,0,1790444594000
RENT_HCM_000351,40N-907.92,Khach_000080,Kia,Morning,2026-09-16,2026-09-24,DA_TRA,4800000,0,1789086968000
RENT_HCM_000585,42Q-722.90,Khach_000488,Honda,City,2026-06-27,2026-06-28,DANG_THUE,800000,0,1780424990000
RENT_HCM_000352,49X-426.87,Khach_000139,Hyundai,Accent,2026-12-15,2026-12-17,DANG_THUE,1440000,3,1795729854000
RENT_HCM_000586,39B-412.40,Khach_000489,Hyundai,Grand i10,2026-10-19,2026-10-28,DANG_THUE,5238000,1,1790091040000
RENT_HCM_000353,45X-427.26,Khach_000328,Mitsubishi,Xpander,2026-02-09,2026-02-14,DA_HUY,5500000,0,1768549561000
RENT_HCM_000587,47K-596.17,Khach_000036,Hyundai,Grand i10,2026-03-05,2026-03-08,DANG_THUE,1800000,0,1771388130000
RENT_HCM_000120,48Y-196.41,Khach_000417,Mazda,CX-5,2026-12-12,2026-12-14,DA_HUY,2134000,1,1794652346000
RENT_HCM_000354,31W-871.17,Khach_000403,Mazda,CX-5,2026-07-09,2026-07-19,DA_TRA,9900000,3,1780974094000
RENT_HCM_000588,30C-948.34,Khach_000084,Kia,Morning,2026-02-15,2026-02-25,DANG_THUE,6000000,0,1768562002000
RENT_HCM_000121,37E-284.94,Khach_000034,VinFast,VF5,2026-09-21,2026-09-27,DA_HUY,3420000,2,1789823534000
RENT_HCM_000355,45R-210.98,Khach_000318,Hyundai,i10,2026-02-28,2026-02-28,DA_TRA,570000,2,1769656535000
RENT_HCM_000589,29L-202.97,Khach_000140,Toyota,Innova,2026-10-06,2026-10-10,DANG_THUE,4800000,0,1789603866000
RENT_HCM_000122,46U-845.22,Khach_000102,Mitsubishi,Xpander,2026-02-24,2026-02-26,DANG_THUE,2090000,2,1771417979000
RENT_HCM_000356,44A-216.24,Khach_000281,Toyota,Innova,2026-07-01,2026-07-09,DANG_THUE,9312000,1,1780755718000
RENT_HCM_000123,49N-670.69,Khach_000180,Hyundai,i10,2026-11-17,2026-11-21,DA_TRA,2400000,0,1793104554000
RENT_HCM_000357,51T-441.17,Khach_000094,Hyundai,Grand i10,2026-11-09,2026-11-18,DANG_THUE,5130000,2,1791784724000
RENT_HCM_000124,49J-742.49,Khach_000232,Honda,City,2026-04-16,2026-04-24,DA_TRA,6400000,0,1775106235000
RENT_HCM_000358,51I-783.73,Khach_000237,Ford,Everest,2026-10-19,2026-10-24,DANG_THUE,8730000,1,1791509713000
RENT_HCM_000125,38X-419.30,Khach_000193,Kia,Seltos,2026-07-02,2026-07-12,DA_TRA,10670000,1,1782374334000
RENT_HCM_000359,49V-837.54,Khach_000168,Kia,Seltos,2026-03-07,2026-03-15,DANG_THUE,8800000,0,1772542164000
RENT_HCM_000126,36Y-488.20,Khach_000315,Mazda,CX-5,2026-05-20,2026-05-22,DA_HUY,1980000,3,1778760203000
RENT_HCM_000127,46N-545.65,Khach_000448,Kia,Seltos,2026-10-28,2026-10-28,DA_HUY,1100000,0,1791160132000
RENT_HCM_000128,32T-800.32,Khach_000017,Hyundai,Accent,2026-07-20,2026-07-28,DA_HUY,6208000,1,1783260152000
RENT_HCM_000129,41V-192.40,Khach_000056,Hyundai,Grand i10,2026-11-13,2026-11-15,DA_TRA,1200000,0,1792895525000
RENT_HCM_000590,48D-118.30,Khach_000129,Hyundai,Grand i10,2026-05-10,2026-05-17,DA_HUY,4074000,1,1777487405000
RENT_HCM_000591,49V-253.28,Khach_000074,Mitsubishi,Xpander,2026-05-03,2026-05-12,DANG_THUE,9405000,2,1775162585000
RENT_HCM_000592,48M-188.17,Khach_000152,Mazda,CX-5,2026-07-18,2026-07-27,DA_TRA,9900000,0,1783887449000
RENT_HCM_000593,35N-802.62,Khach_000073,Hyundai,i10,2026-08-01,2026-08-04,DA_HUY,1746000,1,1785040948000
RENT_HCM_000360,38G-747.19,Khach_000072,Ford,Everest,2026-05-21,2026-05-26,DA_TRA,9000000,0,1778842698000
RENT_HCM_000594,51L-497.17,Khach_000154,Hyundai,Grand i10,2026-10-21,2026-10-22,DA_TRA,570000,2,1791774167000
RENT_HCM_000361,42Q-491.68,Khach_000177,Mazda,CX-5,2026-11-23,2026-11-28,DANG_THUE,5335000,1,1793204994000
RENT_HCM_000595,36S-271.51,Khach_000288,Kia,Seltos,2026-09-28,2026-09-28,DANG_THUE,1100000,0,1788874894000
RENT_HCM_000362,46D-128.67,Khach_000339,Toyota,Innova,2026-04-09,2026-04-16,DA_HUY,7560000,3,1775587216000
RENT_HCM_000596,31N-140.38,Khach_000421,Kia,Seltos,2026-12-22,2026-12-28,DANG_THUE,6402000,1,1795398894000
RENT_HCM_000363,44W-250.25,Khach_000114,VinFast,VF5,2026-11-03,2026-11-06,DA_TRA,1710000,2,1793435144000
RENT_HCM_000597,39M-570.27,Khach_000372,Honda,City,2026-06-16,2026-06-21,DA_TRA,4000000,0,1779800823000
RENT_HCM_000130,40D-585.81,Khach_000115,Hyundai,Grand i10,2026-09-22,2026-09-28,DA_TRA,3240000,3,1789978995000
RENT_HCM_000364,33N-879.72,Khach_000153,Hyundai,Grand i10,2026-03-02,2026-03-03,DA_TRA,582000,1,1770423460000
RENT_HCM_000598,47W-205.42,Khach_000204,Toyota,Innova,2026-04-20,2026-04-25,DA_TRA,6000000,0,1775560675000
RENT_HCM_000131,45O-608.72,Khach_000127,Honda,City,2026-05-24,2026-05-26,DA_TRA,1440000,3,1777128490000
RENT_HCM_000365,49Y-783.68,Khach_000437,Hyundai,Accent,2026-10-23,2026-10-28,DA_HUY,3880000,1,1792573054000
RENT_HCM_000599,49F-912.21,Khach_000477,Mitsubishi,Xpander,2026-03-15,2026-03-21,DA_TRA,6402000,1,1771570452000
RENT_HCM_000132,38K-304.62,Khach_000232,Hyundai,i10,2026-12-18,2026-12-20,DANG_THUE,1200000,0,1795158250000
RENT_HCM_000366,49X-685.33,Khach_000337,Toyota,Vios,2026-07-05,2026-07-07,DA_TRA,1552000,1,1782186225000
RENT_HCM_000133,34P-190.55,Khach_000010,Mazda,CX-5,2026-11-17,2026-11-27,DA_HUY,10450000,2,1794551627000
RENT_HCM_000367,37W-304.51,Khach_000274,Toyota,Innova,2026-05-12,2026-05-22,DA_TRA,11400000,2,1776368366000
RENT_HCM_000134,29X-811.72,Khach_000355,Honda,City,2026-02-22,2026-02-28,DANG_THUE,4320000,3,1770708820000
RENT_HCM_000368,38B-116.48,Khach_000371,Toyota,Vios,2026-12-28,2026-12-28,DA_HUY,720000,3,1798119360000
RENT_HCM_000135,31T-169.48,Khach_000469,Ford,Everest,2026-12-26,2026-12-28,DANG_THUE,3492000,1,1797882183000
RENT_HCM_000369,47X-975.36,Khach_000378,Mazda,CX-5,2026-10-24,2026-10-25,DA_TRA,1045000,2,1790265986000
RENT_HCM_000136,33V-248.98,Khach_000063,Ford,Everest,2026-12-10,2026-12-19,DANG_THUE,14580000,3,1796016427000
RENT_HCM_000137,37K-647.63,Khach_000028,Mazda,CX-5,2026-05-06,2026-05-15,DA_TRA,9900000,0,1775927200000
RENT_HCM_000138,38K-202.40,Khach_000270,Ford,Everest,2026-12-26,2026-12-28,DA_TRA,3420000,2,1797038376000
RENT_HCM_000139,42L-926.76,Khach_000113,Toyota,Vios,2026-06-26,2026-06-28,DA_TRA,1552000,1,1781730839000
RENT_HCM_000370,43H-603.75,Khach_000416,Kia,Seltos,2026-04-18,2026-04-27,DANG_THUE,9900000,0,1775245326000
RENT_HCM_000371,30O-208.73,Khach_000049,Hyundai,i10,2026-03-02,2026-03-03,DANG_THUE,582000,1,1770869701000
RENT_HCM_000372,30P-842.37,Khach_000149,Hyundai,Accent,2026-04-21,2026-04-28,DANG_THUE,5432000,1,1775153359000
RENT_HCM_000373,49W-889.91,Khach_000335,Hyundai,i10,2026-08-10,2026-08-19,DA_TRA,4860000,3,1783718812000
RENT_HCM_000140,29K-248.54,Khach_000459,Hyundai,i10,2026-05-22,2026-05-28,DANG_THUE,3240000,3,1778659827000
RENT_HCM_000374,48G-578.17,Khach_000399,Hyundai,i10,2026-01-13,2026-01-19,DA_HUY,3240000,3,1767545605000
RENT_HCM_000141,40R-291.11,Khach_000090,VinFast,VF5,2026-12-13,2026-12-15,DA_HUY,1140000,2,1795661823000
RENT_HCM_000375,44N-616.87,Khach_000032,Hyundai,i10,2026-10-07,2026-10-13,DA_HUY,3600000,0,1790019930000
RENT_HCM_000142,33Z-581.17,Khach_000252,Hyundai,i10,2026-08-09,2026-08-10,DA_TRA,600000,0,1785236396000
RENT_HCM_000376,29X-572.18,Khach_000336,Ford,Everest,2026-10-02,2026-10-11,DANG_THUE,16200000,0,1788417801000
RENT_HCM_000143,37X-819.28,Khach_000103,Kia,Morning,2026-03-18,2026-03-19,DA_HUY,540000,3,1772770786000
RENT_HCM_000377,30L-725.56,Khach_000159,Ford,Everest,2026-06-14,2026-06-22,DA_TRA,12960000,3,1780990006000
RENT_HCM_000144,35B-628.60,Khach_000389,Mazda,CX-5,2026-06-15,2026-06-21,DA_TRA,6402000,1,1780025681000
RENT_HCM_000378,32L-248.90,Khach_000305,VinFast,VF5,2026-08-13,2026-08-19,DA_TRA,3492000,1,1784541107000
RENT_HCM_000145,46O-547.46,Khach_000078,Toyota,Innova,2026-03-10,2026-03-19,DA_HUY,10260000,2,1772898144000
RENT_HCM_000379,32N-708.31,Khach_000053,Hyundai,Accent,2026-05-23,2026-05-28,DANG_THUE,3880000,1,1776933552000
RENT_HCM_000146,49H-345.43,Khach_000323,Kia,Seltos,2026-05-23,2026-05-24,DA_HUY,990000,3,1776890691000
RENT_HCM_000147,38R-880.74,Khach_000014,Kia,Seltos,2026-03-08,2026-03-11,DA_TRA,3135000,2,1772442451000
RENT_HCM_000148,36C-635.11,Khach_000401,Kia,Seltos,2026-03-25,2026-03-28,DA_HUY,3201000,1,1772923378000
RENT_HCM_000149,51G-824.18,Khach_000362,Honda,City,2026-11-23,2026-11-28,DA_HUY,3800000,2,1792895516000
RENT_HCM_000380,39P-344.95,Khach_000373,VinFast,VF5,2026-07-08,2026-07-15,DA_HUY,4074000,1,1782326528000
RENT_HCM_000381,29J-102.32,Khach_000237,Honda,City,2026-01-26,2026-01-28,DA_TRA,1552000,1,1768693116000
RENT_HCM_000382,39I-505.97,Khach_000242,Honda,City,2026-03-14,2026-03-21,DA_TRA,5320000,2,1772235851000
RENT_HCM_000383,41N-631.28,Khach_000003,Ford,Everest,2026-01-02,2026-01-05,DA_HUY,4860000,3,1765129972000
RENT_HCM_000150,38F-226.70,Khach_000147,Hyundai,i10,2026-11-03,2026-11-04,DA_HUY,540000,3,1792004587000
RENT_HCM_000384,39I-356.19,Khach_000403,Kia,Morning,2026-07-07,2026-07-13,DANG_THUE,3240000,3,1782345757000
RENT_HCM_000151,31A-863.28,Khach_000091,Ford,Everest,2026-07-19,2026-07-24,DA_HUY,8100000,3,1782570326000
RENT_HCM_000385,47K-350.93,Khach_000044,Hyundai,i10,2026-08-23,2026-08-25,DA_HUY,1200000,0,1786065427000
RENT_HCM_000152,36I-662.83,Khach_000130,Mitsubishi,Xpander,2026-05-11,2026-05-17,DA_HUY,6270000,2,1778282760000
RENT_HCM_000386,29W-617.55,Khach_000248,Mazda,CX-5,2026-09-02,2026-09-12,DA_HUY,11000000,0,1787083760000
RENT_HCM_000153,46K-410.66,Khach_000277,Hyundai,Grand i10,2026-06-25,2026-06-28,DA_HUY,1746000,1,1781797546000
RENT_HCM_000387,37K-248.34,Khach_000212,Mazda,CX-5,2026-05-25,2026-05-28,DANG_THUE,3300000,0,1777889292000
RENT_HCM_000154,31D-801.78,Khach_000436,Kia,Seltos,2026-06-28,2026-06-28,DANG_THUE,1100000,0,1781352707000
RENT_HCM_000388,35I-707.64,Khach_000413,Mazda,CX-5,2026-12-27,2026-12-28,DA_HUY,1067000,1,1796403735000
RENT_HCM_000155,40A-536.48,Khach_000135,Mazda,CX-5,2026-07-20,2026-07-27,DANG_THUE,6930000,3,1783379481000
RENT_HCM_000389,45B-101.67,Khach_000130,Mitsubishi,Xpander,2026-01-02,2026-01-09,DANG_THUE,7315000,2,1765013321000
RENT_HCM_000156,38V-680.22,Khach_000494,Toyota,Innova,2026-07-26,2026-07-28,DA_HUY,2280000,2,1783207927000
RENT_HCM_000157,41X-840.11,Khach_000059,Mitsubishi,Xpander,2026-07-14,2026-07-17,DA_TRA,2970000,3,1783750680000
RENT_HCM_000158,45V-547.68,Khach_000104,Toyota,Innova,2026-01-04,2026-01-06,DANG_THUE,2400000,0,1766846161000
RENT_HCM_000159,34P-758.88,Khach_000301,Honda,City,2026-08-14,2026-08-16,DA_HUY,1552000,1,1785164205000
RENT_HCM_000390,47J-698.20,Khach_000229,Honda,City,2026-05-03,2026-05-05,DA_TRA,1552000,1,1776222197000
RENT_HCM_000391,38B-910.77,Khach_000041,Hyundai,i10,2026-05-21,2026-05-28,DA_TRA,4074000,1,1778230964000
RENT_HCM_000392,49J-681.71,Khach_000298,Honda,City,2026-01-15,2026-01-22,DANG_THUE,5320000,2,1768056907000
RENT_HCM_000393,32W-238.65,Khach_000363,Honda,City,2026-02-21,2026-02-28,DA_HUY,5040000,3,1770230140000
RENT_HCM_000160,46J-463.47,Khach_000260,Kia,Morning,2026-01-10,2026-01-12,DANG_THUE,1200000,0,1765536166000
RENT_HCM_000394,47D-992.58,Khach_000006,Mazda,CX-5,2026-06-15,2026-06-18,DANG_THUE,3135000,2,1780288790000
RENT_HCM_000161,46P-181.17,Khach_000123,Toyota,Vios,2026-05-24,2026-05-27,DA_HUY,2160000,3,1778376730000
RENT_HCM_000395,49B-459.61,Khach_000062,Mitsubishi,Xpander,2026-07-07,2026-07-11,DA_HUY,4180000,2,1782210600000
RENT_HCM_000162,43H-749.74,Khach_000284,VinFast,VF5,2026-06-12,2026-06-19,DANG_THUE,4200000,0,1778772542000
RENT_HCM_000396,37V-160.68,Khach_000347,Ford,Everest,2026-06-12,2026-06-19,DA_TRA,11340000,3,1780961792000
RENT_HCM_000163,35F-535.75,Khach_000016,Kia,Seltos,2026-04-05,2026-04-11,DA_HUY,6600000,0,1773080043000
RENT_HCM_000397,42U-875.37,Khach_000224,Hyundai,Accent,2026-10-11,2026-10-20,DA_TRA,7200000,0,1790516093000
RENT_HCM_000164,32P-959.54,Khach_000168,Honda,City,2026-10-14,2026-10-16,DA_TRA,1600000,0,1790966891000
RENT_HCM_000398,31L-783.92,Khach_000160,Ford,Everest,2026-07-01,2026-07-05,DANG_THUE,7200000,0,1781853932000
RENT_HCM_000165,45M-471.75,Khach_000345,Honda,City,2026-06-13,2026-06-16,DANG_THUE,2328000,1,1781095170000
RENT_HCM_000399,41R-453.73,Khach_000188,Kia,Seltos,2026-03-05,2026-03-10,DANG_THUE,5500000,0,1770927920000
RENT_HCM_000166,51S-102.81,Khach_000137,Toyota,Vios,2026-08-03,2026-08-07,DA_HUY,3104000,1,1784833912000
RENT_HCM_000167,47D-965.92,Khach_000477,Mazda,CX-5,2026-06-15,2026-06-17,DA_HUY,2134000,1,1781244020000
RENT_HCM_000168,43T-782.88,Khach_000405,Mitsubishi,Xpander,2026-08-21,2026-08-28,DA_HUY,7469000,1,1785590570000
RENT_HCM_000169,43M-913.32,Khach_000111,Mazda,CX-5,2026-12-02,2026-12-12,DANG_THUE,9900000,3,1794333406000
RENT_HCM_000170,51Y-629.73,Khach_000091,Kia,Seltos,2026-07-14,2026-07-24,DANG_THUE,9900000,3,1783100932000
RENT_HCM_000171,33H-757.72,Khach_000464,Toyota,Innova,2026-12-12,2026-12-22,DA_HUY,12000000,0,1794975772000
RENT_HCM_000172,39V-149.87,Khach_000160,Kia,Seltos,2026-10-19,2026-10-20,DA_TRA,1100000,0,1790666317000
RENT_HCM_000173,40D-604.30,Khach_000039,Ford,Everest,2026-09-15,2026-09-19,DA_TRA,6480000,3,1788258219000
RENT_HCM_000174,47I-615.15,Khach_000271,Kia,Seltos,2026-10-19,2026-10-23,DA_TRA,3960000,3,1790409677000
RENT_HCM_000175,49Q-484.89,Khach_000117,Kia,Morning,2026-01-13,2026-01-22,DANG_THUE,5238000,1,1765647037000
RENT_HCM_000176,37N-266.88,Khach_000471,VinFast,VF5,2026-10-02,2026-10-12,DANG_THUE,5400000,3,1790817901000
RENT_HCM_000177,29K-179.79,Khach_000241,Kia,Morning,2026-08-17,2026-08-26,DA_TRA,5238000,1,1786207024000
RENT_HCM_000178,36K-182.79,Khach_000212,Kia,Seltos,2026-09-21,2026-09-24,DA_TRA,3300000,0,1789846744000
RENT_HCM_000179,48H-367.41,Khach_000149,Mazda,CX-5,2026-03-17,2026-03-18,DA_HUY,1067000,1,1772904344000
RENT_HCM_000180,31L-140.98,Khach_000193,Hyundai,Grand i10,2026-09-04,2026-09-07,DA_HUY,1746000,1,1786031276000
RENT_HCM_000181,42C-333.80,Khach_000210,VinFast,VF5,2026-11-25,2026-11-28,DA_HUY,1710000,2,1793938383000
RENT_HCM_000182,46E-990.65,Khach_000497,Toyota,Vios,2026-03-12,2026-03-22,DANG_THUE,7760000,1,1771058129000
RENT_HCM_000183,31N-847.64,Khach_000116,Toyota,Vios,2026-03-11,2026-03-14,DA_HUY,2400000,0,1773005308000
RENT_HCM_000184,47J-843.80,Khach_000029,Honda,City,2026-12-07,2026-12-16,DA_TRA,6984000,1,1795274157000
RENT_HCM_000185,34E-572.99,Khach_000199,Kia,Seltos,2026-10-14,2026-10-21,DA_HUY,6930000,3,1789332096000
RENT_HCM_000186,43F-517.83,Khach_000113,Mazda,CX-5,2026-07-01,2026-07-07,DA_HUY,6402000,1,1780556119000
RENT_HCM_000187,37W-511.18,Khach_000134,Hyundai,i10,2026-02-14,2026-02-23,DA_HUY,5130000,2,1770911768000
RENT_HCM_000188,36V-131.87,Khach_000329,VinFast,VF5,2026-07-21,2026-07-22,DANG_THUE,582000,1,1783824490000
RENT_HCM_000189,45G-104.43,Khach_000363,Toyota,Vios,2026-06-15,2026-06-16,DANG_THUE,720000,3,1778969823000
RENT_HCM_000190,51B-905.71,Khach_000427,Toyota,Vios,2026-06-25,2026-06-28,DA_HUY,2160000,3,1780989184000
RENT_HCM_000191,44J-614.84,Khach_000340,Kia,Seltos,2026-07-25,2026-07-28,DA_TRA,3300000,0,1783001113000
RENT_HCM_000192,34R-881.81,Khach_000427,Toyota,Innova,2026-11-05,2026-11-13,DANG_THUE,8640000,3,1792933517000
RENT_HCM_000193,31R-937.72,Khach_000310,Mazda,CX-5,2026-10-06,2026-10-08,DA_HUY,2090000,2,1788962907000
RENT_HCM_000194,49A-518.88,Khach_000414,Toyota,Vios,2026-02-23,2026-02-27,DA_HUY,3040000,2,1771239039000
RENT_HCM_000195,41V-101.24,Khach_000417,Mitsubishi,Xpander,2026-07-08,2026-07-09,DANG_THUE,1067000,1,1782950000000
RENT_HCM_000196,41Z-393.65,Khach_000317,Toyota,Innova,2026-04-11,2026-04-18,DA_HUY,8148000,1,1775800654000
RENT_HCM_000197,35C-215.80,Khach_000382,Toyota,Vios,2026-07-13,2026-07-23,DA_TRA,7600000,2,1781658737000
RENT_HCM_000198,46Y-261.66,Khach_000052,Mitsubishi,Xpander,2026-12-05,2026-12-12,DA_HUY,7700000,0,1794335861000
RENT_HCM_000199,46S-249.37,Khach_000034,Mazda,CX-5,2026-07-14,2026-07-18,DANG_THUE,4180000,2,1783842847000
